{"players": {"GM": "Game master for wordle", "Player 1": "Word Guesser (o1-preview-2024-09-12)", "Player 2": "Word Guesser Critic (o1-preview-2024-09-12)"}, "turns": [[{"from": "GM", "to": "Player 1", "timestamp": "2024-09-18T13:47:30.281023", "action": {"type": "send message", "content": "You are a language wizard who likes to guess words by using the given rules.\n\nWelcome to Wordle! You have six attempts to guess the target word, a valid English word of five lowercase letters (a-z). Please use the tags \"guess:\" and \"explanation:\" to provide a concise explanation for each guess.\n\nTo help you make an informed guess, you will receive a clue for the word, such as\nclue: \"snowy white\"\n\nHere is an example guess based on the clue:\nguess: apple\nexplanation: In the fairy tail Snow White, the girl is killed because she eats a poisoned apple. And the word apple has 5 letters.\n\nI will then indicate whether I agree or disagree with your guess and provide rationale, but agreeing with a guess does not confirm its correctness. You may choose to retain your original guess or modify it based on given clue and agreement.\n\nAfter each guess, your answer will be validated, and you will receive feedback indicating which letters are correct (green), which letters are correct but in the wrong position (yellow), and which letters are incorrect (red). This feedback can be useful in determining which letters to include or exclude in your next guess.\n\nFor example, the feedback for \"apple\" might be:\nguess_feedback: a<yellow> p<yellow> p<green> l<yellow> e<red>\n\nHere are some rules to keep in mind:\n1. Please do not generate any guess feedback or clue on your own\n2. Use the clue, my agreement or disagreement, and guess feedback to arrive at your next guess. This should be reflected in your explanation as well.\n\nLet's begin with your first guess.\n\nclue:awaiting ignition\n"}}, {"from": "Player 1", "to": "GM", "timestamp": "2024-09-18T13:47:30.281207", "action": {"type": "get message", "content": "guess: spark\nexplanation: \"Spark\" is a 5-letter word that represents the initial ignition source needed to start a fire or engine, fitting the clue \"awaiting ignition.\""}}, {"from": "GM", "to": "GM", "timestamp": "2024-09-18T13:47:30.281219", "action": {"type": "parse", "content": {"guess": "spark", "explanation": "\"Spark\" is a 5-letter word that represents the initial ignition source needed to start a fire or engine, fitting the clue \"awaiting ignition.\""}}}, {"from": "GM", "to": "Player 2", "timestamp": "2024-09-18T13:47:48.147895", "action": {"type": "send message", "content": "I need your assistance with a word game in which we need to find a 5-letter word using a clue, a guess and an explanation for the guess.\n\nFor example, if the clue is \"snow white\" and the guess is \"apple\", you will get the information like this:\nclue:snow white\nguess:apple\nexplanation:the fairy tale Snow White involves the girl eating a poisoned apple, which has 5 letters.\n\nYour task is to either agree or disagree with my guess based on the given clue.\n\nIf you disagree, I will make another guess, and if you agree, I will proceed in the game using the same guess.\n\nInitially, guess feedback is not available, but as the game proceeds, it becomes available. The guess feedback is not for current guess, but rather an indication of what letters can be present in the current guess. A letter highlighted in green indicates that it is a correct letter in the correct position, while yellow indicates that it is a correct letter in the wrong position, and red indicates a wrong letter. At this point, you should use all the provided information, including the clue, guess, explanation, and guess feedback, to decide whether the given guess matches the clue, and also stick to guess feedback or not.\n\nPlease respond in lowercase letters and stick to this format:\nagreement:yes or no\nexplanation:your reason for doing so\n\nPlease note that you must not guess any word based on the riddle clue and stick to the given format while responding.\n\nLet's begin!\n\nclue:awaiting ignition\nguess:spark\nexplanation:\"Spark\" is a 5-letter word that represents the initial ignition source needed to start a fire or engine, fitting the clue \"awaiting ignition.\"\n"}}, {"from": "Player 2", "to": "GM", "timestamp": "2024-09-18T13:47:48.148102", "action": {"type": "get message", "content": "agreement:yes  \nexplanation:your guess \"spark\" is a 5-letter word that fits the clue \"awaiting ignition\" since it represents the initial ignition source needed to start a fire or engine."}}, {"from": "GM", "to": "GM", "timestamp": "2024-09-18T13:47:48.148115", "action": {"type": "parse", "content": {"agreement": "yes", "explanation": "your guess \"spark\" is a 5-letter word that fits the clue \"awaiting ignition\" since it represents the initial ignition source needed to start a fire or engine."}}}, {"from": "GM", "to": "GM", "timestamp": "2024-09-18T13:47:48.148142", "action": {"type": "metadata", "content": "Critic agrees with the Guesser -- Sharing the critic's explanation with the guesser"}}], [{"from": "GM", "to": "Player 1", "timestamp": "2024-09-18T13:48:16.085517", "action": {"type": "send message", "content": "clue:awaiting ignition\nguess_agreement:yes\nagreement_explanation:your guess \"spark\" is a 5-letter word that fits the clue \"awaiting ignition\" since it represents the initial ignition source needed to start a fire or engine.\n"}}, {"from": "Player 1", "to": "GM", "timestamp": "2024-09-18T13:48:16.085721", "action": {"type": "get message", "content": "It seems there was some confusion earlier. I provided the clue:\n\n**clue:** *awaiting ignition*\n\nPlease provide your guess using **guess:** and your explanation using **explanation:**."}}, {"from": "GM", "to": "GM", "timestamp": "2024-09-18T13:48:16.085734", "action": {"type": "parse", "content": {"guess": "** and your explanation using **explanation:**.", "explanation": "**."}}}, {"from": "GM", "to": "GM", "timestamp": "2024-09-18T13:48:16.085773", "action": {"type": "metadata", "content": "Guesser Error: INVALID_WORD while parsing Player 1's (model: o1-preview-2024-09-12) response", "game_info": {"attempts": 0, "target_word": "unlit", "target_word_difficulty": "medium_frequency", "guesser": "Word Guesser (o1-preview-2024-09-12)", "guess": "** and your explanation using **explanation:**.", "explanation": "**.", "error": "INVALID_WORD", "target_word_clue": "awaiting ignition", "critic_agreement": "yes", "critic_explanation": "your guess \"spark\" is a 5-letter word that fits the clue \"awaiting ignition\" since it represents the initial ignition source needed to start a fire or engine.", "guess_critic": "Word Guesser Critic (o1-preview-2024-09-12)"}}}], [{"from": "GM", "to": "Player 1", "timestamp": "2024-09-18T13:48:37.668858", "action": {"type": "send message", "content": "the word should contain only alphabets. Please try again"}}, {"from": "Player 1", "to": "GM", "timestamp": "2024-09-18T13:48:37.669079", "action": {"type": "get message", "content": "I apologize for the confusion earlier.\n\n**guess:** start\n\n**explanation:** \"Start\" is a 5-letter word meaning to begin or initiate, which fits the clue \"awaiting ignition.\""}}, {"from": "GM", "to": "GM", "timestamp": "2024-09-18T13:48:37.669092", "action": {"type": "parse", "content": {"guess": "** start", "explanation": "** \"Start\" is a 5-letter word meaning to begin or initiate, which fits the clue \"awaiting ignition.\""}}}, {"from": "GM", "to": "GM", "timestamp": "2024-09-18T13:48:37.669128", "action": {"type": "metadata", "content": "Guesser Error: INVALID_WORD while parsing Player 1's (model: o1-preview-2024-09-12) response", "game_info": {"attempts": 0, "target_word": "unlit", "target_word_difficulty": "medium_frequency", "guesser": "Word Guesser (o1-preview-2024-09-12)", "guess": "** start", "explanation": "** \"Start\" is a 5-letter word meaning to begin or initiate, which fits the clue \"awaiting ignition.\"", "error": "INVALID_WORD", "target_word_clue": "awaiting ignition", "critic_agreement": "yes", "critic_explanation": "your guess \"spark\" is a 5-letter word that fits the clue \"awaiting ignition\" since it represents the initial ignition source needed to start a fire or engine.", "guess_critic": "Word Guesser Critic (o1-preview-2024-09-12)"}}}], [{"from": "GM", "to": "Player 1", "timestamp": "2024-09-18T13:48:57.493985", "action": {"type": "send message", "content": "the word should contain only alphabets. Please try again"}}, {"from": "Player 1", "to": "GM", "timestamp": "2024-09-18T13:48:57.494230", "action": {"type": "get message", "content": "I apologize for the mistake. Here is my corrected guess:\n\nguess:start\nexplanation:Start is a 5-letter word meaning to begin or initiate, fitting the clue awaiting ignition."}}, {"from": "GM", "to": "GM", "timestamp": "2024-09-18T13:48:57.494243", "action": {"type": "parse", "content": {"guess": "", "explanation": "Start is a 5-letter word meaning to begin or initiate, fitting the clue awaiting ignition."}}}, {"from": "GM", "to": "GM", "timestamp": "2024-09-18T13:48:57.494280", "action": {"type": "metadata", "content": "Guesser Error: INVALID_WORD while parsing Player 1's (model: o1-preview-2024-09-12) response", "game_info": {"attempts": 0, "target_word": "unlit", "target_word_difficulty": "medium_frequency", "guesser": "Word Guesser (o1-preview-2024-09-12)", "guess": "", "explanation": "Start is a 5-letter word meaning to begin or initiate, fitting the clue awaiting ignition.", "error": "INVALID_WORD", "target_word_clue": "awaiting ignition", "critic_agreement": "yes", "critic_explanation": "your guess \"spark\" is a 5-letter word that fits the clue \"awaiting ignition\" since it represents the initial ignition source needed to start a fire or engine.", "guess_critic": "Word Guesser Critic (o1-preview-2024-09-12)"}}}, {"from": "GM", "to": "GM", "timestamp": "2024-09-18T13:48:57.494330", "action": {"type": "invalid format", "content": "Aborted due to invalid format in response", "original_content": "INVALID_WORD"}}, {"from": "GM", "to": "GM", "timestamp": "2024-09-18T13:48:57.494356", "action": {"type": "metadata", "content": "game_result = ABORTED", "data_for_computation": {"player_1": "o1-preview-2024-09-12", "player_2": "o1-preview-2024-09-12", "total_attempts": 0, "turns_req_count": [], "turns_parse_count": [], "turns_guess_feedback": [], "critic_guesses_change": [], "guesser_error": "INVALID_WORD", "critic_error": null, "guesser retry count": 2, "critic retry count": 0, "guesser_req_count": 4, "critic_req_count": 1, "guesser_parsed_req_count": 1, "critic_parsed_req_count": 1, "target_word": "unlit", "target_word_clue": "awaiting ignition", "target_word_difficulty": "medium_frequency", "game_final_status": "ABORTED", "use_clue": true, "use_critic": true}}}]]}