{"players": {"GM": "Game master for wordle", "Player 1": "Word Guesser (o1-preview-2024-09-12)", "Player 2": "Word Guesser Critic (o1-preview-2024-09-12)"}, "turns": [[{"from": "GM", "to": "Player 1", "timestamp": "2024-09-18T13:53:16.143832", "action": {"type": "send message", "content": "You are a language wizard who likes to guess words by using the given rules.\n\nWelcome to Wordle! You have six attempts to guess the target word, a valid English word of five lowercase letters (a-z). Please use the tags \"guess:\" and \"explanation:\" to provide a concise explanation for each guess.\n\nTo help you make an informed guess, you will receive a clue for the word, such as\nclue: \"snowy white\"\n\nHere is an example guess based on the clue:\nguess: apple\nexplanation: In the fairy tail Snow White, the girl is killed because she eats a poisoned apple. And the word apple has 5 letters.\n\nI will then indicate whether I agree or disagree with your guess and provide rationale, but agreeing with a guess does not confirm its correctness. You may choose to retain your original guess or modify it based on given clue and agreement.\n\nAfter each guess, your answer will be validated, and you will receive feedback indicating which letters are correct (green), which letters are correct but in the wrong position (yellow), and which letters are incorrect (red). This feedback can be useful in determining which letters to include or exclude in your next guess.\n\nFor example, the feedback for \"apple\" might be:\nguess_feedback: a<yellow> p<yellow> p<green> l<yellow> e<red>\n\nHere are some rules to keep in mind:\n1. Please do not generate any guess feedback or clue on your own\n2. Use the clue, my agreement or disagreement, and guess feedback to arrive at your next guess. This should be reflected in your explanation as well.\n\nLet's begin with your first guess.\n\nclue:square\n"}}, {"from": "Player 1", "to": "GM", "timestamp": "2024-09-18T13:53:16.144033", "action": {"type": "get message", "content": "guess: equal\n\nexplanation: A square has four sides of equal length, so \"equal\" is associated with the clue \"square\"."}}, {"from": "GM", "to": "GM", "timestamp": "2024-09-18T13:53:16.144047", "action": {"type": "parse", "content": {"guess": "equal", "explanation": "A square has four sides of equal length, so \"equal\" is associated with the clue \"square\"."}}}, {"from": "GM", "to": "Player 2", "timestamp": "2024-09-18T13:53:27.006039", "action": {"type": "send message", "content": "I need your assistance with a word game in which we need to find a 5-letter word using a clue, a guess and an explanation for the guess.\n\nFor example, if the clue is \"snow white\" and the guess is \"apple\", you will get the information like this:\nclue:snow white\nguess:apple\nexplanation:the fairy tale Snow White involves the girl eating a poisoned apple, which has 5 letters.\n\nYour task is to either agree or disagree with my guess based on the given clue.\n\nIf you disagree, I will make another guess, and if you agree, I will proceed in the game using the same guess.\n\nInitially, guess feedback is not available, but as the game proceeds, it becomes available. The guess feedback is not for current guess, but rather an indication of what letters can be present in the current guess. A letter highlighted in green indicates that it is a correct letter in the correct position, while yellow indicates that it is a correct letter in the wrong position, and red indicates a wrong letter. At this point, you should use all the provided information, including the clue, guess, explanation, and guess feedback, to decide whether the given guess matches the clue, and also stick to guess feedback or not.\n\nPlease respond in lowercase letters and stick to this format:\nagreement:yes or no\nexplanation:your reason for doing so\n\nPlease note that you must not guess any word based on the riddle clue and stick to the given format while responding.\n\nLet's begin!\n\nclue:square\nguess:equal\nexplanation:A square has four sides of equal length, so \"equal\" is associated with the clue \"square\".\n"}}, {"from": "Player 2", "to": "GM", "timestamp": "2024-09-18T13:53:27.006258", "action": {"type": "get message", "content": "agreement: yes\nexplanation: your guess \"equal\" fits the clue \"square\" because squares have equal sides."}}, {"from": "GM", "to": "GM", "timestamp": "2024-09-18T13:53:27.006273", "action": {"type": "parse", "content": {"agreement": "yes", "explanation": "your guess \"equal\" fits the clue \"square\" because squares have equal sides."}}}, {"from": "GM", "to": "GM", "timestamp": "2024-09-18T13:53:27.006351", "action": {"type": "metadata", "content": "Critic agrees with the Guesser -- Sharing the critic's explanation with the guesser"}}], [{"from": "GM", "to": "Player 1", "timestamp": "2024-09-18T13:53:43.077547", "action": {"type": "send message", "content": "clue:square\nguess_agreement:yes\nagreement_explanation:your guess \"equal\" fits the clue \"square\" because squares have equal sides.\n"}}, {"from": "Player 1", "to": "GM", "timestamp": "2024-09-18T13:53:43.077811", "action": {"type": "get message", "content": "guess:angle\nexplanation:A square has four right angles, so \"angle\" relates directly to the clue \"square\"."}}, {"from": "GM", "to": "GM", "timestamp": "2024-09-18T13:53:43.077824", "action": {"type": "parse", "content": {"guess": "angle", "explanation": "A square has four right angles, so \"angle\" relates directly to the clue \"square\"."}}}, {"from": "GM", "to": "GM", "timestamp": "2024-09-18T13:53:43.077869", "action": {"type": "metadata", "content": "Change in player1's guess\nguess_before_critic_opinion: equal\n                                                critic_agreement: yes\nguess_after_critic_opinion: angle\n                                                Proceeding with guess validation"}}, {"from": "GM", "to": "GM", "timestamp": "2024-09-18T13:53:43.077994", "action": {"type": "metadata", "content": "attempts: 1\ntarget_word = nerdy\ntarget_word_clue = square\nguess: angle\nguess_feedback: a<red> n<yellow> g<red> l<red> e<yellow>", "game_info": {"attempts": 1, "target_word": "nerdy", "target_word_difficulty": "medium_frequency", "guesser": "Word Guesser (o1-preview-2024-09-12)", "guess": "angle", "explanation": "A square has four right angles, so \"angle\" relates directly to the clue \"square\".", "error": null, "target_word_clue": "square", "critic_agreement": "yes", "critic_explanation": "your guess \"equal\" fits the clue \"square\" because squares have equal sides.", "guess_critic": "Word Guesser Critic (o1-preview-2024-09-12)"}}}], [{"from": "GM", "to": "Player 1", "timestamp": "2024-09-18T13:54:29.937707", "action": {"type": "send message", "content": "guess_feedback: a<red> n<yellow> g<red> l<red> e<yellow>"}}, {"from": "Player 1", "to": "GM", "timestamp": "2024-09-18T13:54:29.937986", "action": {"type": "get message", "content": "guess: queen\nexplanation: The \"queen\" is a central piece in chess, which is played on a square board, relating to the clue \"square.\" Additionally, \"queen\" contains the letters \"n\" and \"e\" in positions that align with the feedback provided."}}, {"from": "GM", "to": "GM", "timestamp": "2024-09-18T13:54:29.938000", "action": {"type": "parse", "content": {"guess": "queen", "explanation": "The \"queen\" is a central piece in chess, which is played on a square board, relating to the clue \"square.\" Additionally, \"queen\" contains the letters \"n\" and \"e\" in positions that align with the feedback provided."}}}, {"from": "GM", "to": "Player 2", "timestamp": "2024-09-18T13:54:51.401791", "action": {"type": "send message", "content": "clue:square\nguess:queen\nexplanation:The \"queen\" is a central piece in chess, which is played on a square board, relating to the clue \"square.\" Additionally, \"queen\" contains the letters \"n\" and \"e\" in positions that align with the feedback provided.\nguess_feedback: a<red> n<yellow> g<red> l<red> e<yellow>"}}, {"from": "Player 2", "to": "GM", "timestamp": "2024-09-18T13:54:51.402137", "action": {"type": "get message", "content": "agreement: yes  \nexplanation: your guess \"queen\" appropriately relates to the clue \"square\" through its connection to chess, which is played on a square board. Additionally, it adheres to the guess feedback provided."}}, {"from": "GM", "to": "GM", "timestamp": "2024-09-18T13:54:51.402148", "action": {"type": "parse", "content": {"agreement": "yes", "explanation": "your guess \"queen\" appropriately relates to the clue \"square\" through its connection to chess, which is played on a square board. Additionally, it adheres to the guess feedback provided."}}}, {"from": "GM", "to": "GM", "timestamp": "2024-09-18T13:54:51.402229", "action": {"type": "metadata", "content": "Critic agrees with the Guesser -- Sharing the critic's explanation with the guesser"}}], [{"from": "GM", "to": "Player 1", "timestamp": "2024-09-18T13:55:50.182556", "action": {"type": "send message", "content": "clue:square\nguess_agreement:yes\nagreement_explanation:your guess \"queen\" appropriately relates to the clue \"square\" through its connection to chess, which is played on a square board. Additionally, it adheres to the guess feedback provided.\n"}}, {"from": "Player 1", "to": "GM", "timestamp": "2024-09-18T13:55:50.182814", "action": {"type": "get message", "content": "guess: seven\nexplanation: The square of seven is forty-nine, so \"seven\" relates to the clue \"square.\" Additionally, \"seven\" contains the letters \"e\" and \"n\" in positions that fit the previous feedback—\"e\" not in position 5 and \"n\" not in position 2."}}, {"from": "GM", "to": "GM", "timestamp": "2024-09-18T13:55:50.182827", "action": {"type": "parse", "content": {"guess": "seven", "explanation": "The square of seven is forty-nine, so \"seven\" relates to the clue \"square.\" Additionally, \"seven\" contains the letters \"e\" and \"n\" in positions that fit the previous feedback—\"e\" not in position 5 and \"n\" not in position 2."}}}, {"from": "GM", "to": "GM", "timestamp": "2024-09-18T13:55:50.182870", "action": {"type": "metadata", "content": "Change in player1's guess\nguess_before_critic_opinion: queen\n                                                critic_agreement: yes\nguess_after_critic_opinion: seven\n                                                Proceeding with guess validation"}}, {"from": "GM", "to": "GM", "timestamp": "2024-09-18T13:55:50.182983", "action": {"type": "metadata", "content": "attempts: 2\ntarget_word = nerdy\ntarget_word_clue = square\nguess: seven\nguess_feedback: s<red> e<green> v<red> e<red> n<yellow>", "game_info": {"attempts": 2, "target_word": "nerdy", "target_word_difficulty": "medium_frequency", "guesser": "Word Guesser (o1-preview-2024-09-12)", "guess": "seven", "explanation": "The square of seven is forty-nine, so \"seven\" relates to the clue \"square.\" Additionally, \"seven\" contains the letters \"e\" and \"n\" in positions that fit the previous feedback—\"e\" not in position 5 and \"n\" not in position 2.", "error": null, "target_word_clue": "square", "critic_agreement": "yes", "critic_explanation": "your guess \"queen\" appropriately relates to the clue \"square\" through its connection to chess, which is played on a square board. Additionally, it adheres to the guess feedback provided.", "guess_critic": "Word Guesser Critic (o1-preview-2024-09-12)"}}}], [{"from": "GM", "to": "Player 1", "timestamp": "2024-09-18T13:56:15.180285", "action": {"type": "send message", "content": "guess_feedback: s<red> e<green> v<red> e<red> n<yellow>"}}, {"from": "Player 1", "to": "GM", "timestamp": "2024-09-18T13:56:15.180575", "action": {"type": "get message", "content": "guess: nerdy\nexplanation: The word \"nerdy\" relates to the clue \"square,\" as \"square\" is slang for someone who is not trendy or is socially awkward—attributes often associated with being \"nerdy.\" Additionally, \"nerdy\" fits the feedback:\n\n- **Position 1**: **n** — The letter \"n\" is in the word but not at position 2 or 5, so position 1 is acceptable.\n- **Position 2**: **e** — The letter \"e\" is correctly placed at position 2.\n- **Positions 3-5**: **r**, **d**, **y** — None of these letters were previously ruled out, and they don't conflict with any feedback.\n\nThis guess aligns with both the clue and the previous feedback provided."}}, {"from": "GM", "to": "GM", "timestamp": "2024-09-18T13:56:15.180589", "action": {"type": "parse", "content": {"guess": "nerdy", "explanation": "The word \"nerdy\" relates to the clue \"square,\" as \"square\" is slang for someone who is not trendy or is socially awkward—attributes often associated with being \"nerdy.\" Additionally, \"nerdy\" fits the feedback:"}}}, {"from": "GM", "to": "Player 2", "timestamp": "2024-09-18T13:56:47.917514", "action": {"type": "send message", "content": "clue:square\nguess:nerdy\nexplanation:The word \"nerdy\" relates to the clue \"square,\" as \"square\" is slang for someone who is not trendy or is socially awkward—attributes often associated with being \"nerdy.\" Additionally, \"nerdy\" fits the feedback:\nguess_feedback: s<red> e<green> v<red> e<red> n<yellow>"}}, {"from": "Player 2", "to": "GM", "timestamp": "2024-09-18T13:56:47.917659", "action": {"type": "get message", "content": "agreement: yes  \nexplanation: I agree with your guess because \"nerdy\" relates to the clue \"square\" as both terms can describe someone who is not trendy or is socially awkward. Additionally, \"nerdy\" fits the feedback provided: the letter \"e\" is correctly placed in the second position, and the letter \"n\" is in the word but not in the positions previously indicated as incorrect. The word also avoids letters that have been ruled out in previous feedback."}}, {"from": "GM", "to": "GM", "timestamp": "2024-09-18T13:56:47.917666", "action": {"type": "parse", "content": {"agreement": "yes", "explanation": "I agree with your guess because \"nerdy\" relates to the clue \"square\" as both terms can describe someone who is not trendy or is socially awkward. Additionally, \"nerdy\" fits the feedback provided: the letter \"e\" is correctly placed in the second position, and the letter \"n\" is in the word but not in the positions previously indicated as incorrect. The word also avoids letters that have been ruled out in previous feedback."}}}, {"from": "GM", "to": "GM", "timestamp": "2024-09-18T13:56:47.917694", "action": {"type": "metadata", "content": "Critic agrees with the Guesser -- Sharing the critic's explanation with the guesser"}}], [{"from": "GM", "to": "Player 1", "timestamp": "2024-09-18T13:58:02.990734", "action": {"type": "send message", "content": "clue:square\nguess_agreement:yes\nagreement_explanation:I agree with your guess because \"nerdy\" relates to the clue \"square\" as both terms can describe someone who is not trendy or is socially awkward. Additionally, \"nerdy\" fits the feedback provided: the letter \"e\" is correctly placed in the second position, and the letter \"n\" is in the word but not in the positions previously indicated as incorrect. The word also avoids letters that have been ruled out in previous feedback.\n"}}, {"from": "Player 1", "to": "GM", "timestamp": "2024-09-18T13:58:02.991021", "action": {"type": "get message", "content": "guess: henry  \nexplanation: \"Henry\" relates to the clue \"square\" because \"square\" can describe someone who is conventional or traditional, and \"Henry\" is often associated with a classic name. It fits the feedback as follows:\n- **Letter 'e'** is correctly placed in the second position (e<green>).\n- **Letter 'n'** is in the word but not in positions 2 or 5; in \"henry,\" 'n' is in the third position.\n- It doesn't include any of the eliminated letters (a, g, l, s, v).\n- It uses new letters to maximize the information from the next feedback."}}, {"from": "GM", "to": "GM", "timestamp": "2024-09-18T13:58:02.991031", "action": {"type": "parse", "content": {"guess": "henry", "explanation": "\"Henry\" relates to the clue \"square\" because \"square\" can describe someone who is conventional or traditional, and \"Henry\" is often associated with a classic name. It fits the feedback as follows:"}}}, {"from": "GM", "to": "GM", "timestamp": "2024-09-18T13:58:02.991077", "action": {"type": "metadata", "content": "Change in player1's guess\nguess_before_critic_opinion: nerdy\n                                                critic_agreement: yes\nguess_after_critic_opinion: henry\n                                                Proceeding with guess validation"}}, {"from": "GM", "to": "GM", "timestamp": "2024-09-18T13:58:02.991151", "action": {"type": "metadata", "content": "attempts: 3\ntarget_word = nerdy\ntarget_word_clue = square\nguess: henry\nguess_feedback: h<red> e<green> n<yellow> r<yellow> y<green>", "game_info": {"attempts": 3, "target_word": "nerdy", "target_word_difficulty": "medium_frequency", "guesser": "Word Guesser (o1-preview-2024-09-12)", "guess": "henry", "explanation": "\"Henry\" relates to the clue \"square\" because \"square\" can describe someone who is conventional or traditional, and \"Henry\" is often associated with a classic name. It fits the feedback as follows:", "error": null, "target_word_clue": "square", "critic_agreement": "yes", "critic_explanation": "I agree with your guess because \"nerdy\" relates to the clue \"square\" as both terms can describe someone who is not trendy or is socially awkward. Additionally, \"nerdy\" fits the feedback provided: the letter \"e\" is correctly placed in the second position, and the letter \"n\" is in the word but not in the positions previously indicated as incorrect. The word also avoids letters that have been ruled out in previous feedback.", "guess_critic": "Word Guesser Critic (o1-preview-2024-09-12)"}}}], [{"from": "GM", "to": "Player 1", "timestamp": "2024-09-18T13:59:24.777744", "action": {"type": "send message", "content": "guess_feedback: h<red> e<green> n<yellow> r<yellow> y<green>"}}, {"from": "Player 1", "to": "GM", "timestamp": "2024-09-18T13:59:24.778077", "action": {"type": "get message", "content": "guess: ferny\nexplanation: Based on the feedback, the word has \"e\" in the second position (green) and \"y\" in the fifth position (green). The letters \"n\" and \"r\" are in the word but not in the positions we've previously tried. Placing \"r\" in the third position and \"n\" in the fourth position fits this pattern. The word \"ferny\" meets these conditions. While \"ferny\" means \"abounding in ferns\" and doesn't directly relate to the clue \"square,\" it is the only word that fits the given feedback and the letter placements."}}, {"from": "GM", "to": "GM", "timestamp": "2024-09-18T13:59:24.778089", "action": {"type": "parse", "content": {"guess": "ferny", "explanation": "Based on the feedback, the word has \"e\" in the second position (green) and \"y\" in the fifth position (green). The letters \"n\" and \"r\" are in the word but not in the positions we've previously tried. Placing \"r\" in the third position and \"n\" in the fourth position fits this pattern. The word \"ferny\" meets these conditions. While \"ferny\" means \"abounding in ferns\" and doesn't directly relate to the clue \"square,\" it is the only word that fits the given feedback and the letter placements."}}}, {"from": "GM", "to": "Player 2", "timestamp": "2024-09-18T13:59:50.744233", "action": {"type": "send message", "content": "clue:square\nguess:ferny\nexplanation:Based on the feedback, the word has \"e\" in the second position (green) and \"y\" in the fifth position (green). The letters \"n\" and \"r\" are in the word but not in the positions we've previously tried. Placing \"r\" in the third position and \"n\" in the fourth position fits this pattern. The word \"ferny\" meets these conditions. While \"ferny\" means \"abounding in ferns\" and doesn't directly relate to the clue \"square,\" it is the only word that fits the given feedback and the letter placements.\nguess_feedback: h<red> e<green> n<yellow> r<yellow> y<green>"}}, {"from": "Player 2", "to": "GM", "timestamp": "2024-09-18T13:59:50.744511", "action": {"type": "get message", "content": "agreement: no  \nexplanation: the word \"ferny\" does not sufficiently relate to the clue \"square\"."}}, {"from": "GM", "to": "GM", "timestamp": "2024-09-18T13:59:50.744520", "action": {"type": "parse", "content": {"agreement": "no", "explanation": "the word \"ferny\" does not sufficiently relate to the clue \"square\"."}}}, {"from": "GM", "to": "GM", "timestamp": "2024-09-18T13:59:50.744582", "action": {"type": "metadata", "content": "Critic disagrees with the Guesser -- Sharing the critic's explanation with the guesser"}}], [{"from": "GM", "to": "Player 1", "timestamp": "2024-09-18T14:01:14.709993", "action": {"type": "send message", "content": "clue:square\nguess_agreement:no\nagreement_explanation:the word \"ferny\" does not sufficiently relate to the clue \"square\".\n"}}, {"from": "Player 1", "to": "GM", "timestamp": "2024-09-18T14:01:14.710368", "action": {"type": "get message", "content": "guess: enemy\nexplanation: Based on the feedback, \"enemy\" fits the criteria: **E** is correctly placed in the second position (green), **N** is in the word but not in positions 2, 3, or 5 (so it can be in position 1), and **Y** is correctly placed in the fifth position (green). The letters **E** and **N** are correctly positioned, and \"enemy\" does not use any of the letters that have been ruled out. As for the clue \"square,\" the term \"square off\" means to prepare for a confrontation, often against an \"enemy,\" linking the word to the clue."}}, {"from": "GM", "to": "GM", "timestamp": "2024-09-18T14:01:14.710379", "action": {"type": "parse", "content": {"guess": "enemy", "explanation": "Based on the feedback, \"enemy\" fits the criteria: **E** is correctly placed in the second position (green), **N** is in the word but not in positions 2, 3, or 5 (so it can be in position 1), and **Y** is correctly placed in the fifth position (green). The letters **E** and **N** are correctly positioned, and \"enemy\" does not use any of the letters that have been ruled out. As for the clue \"square,\" the term \"square off\" means to prepare for a confrontation, often against an \"enemy,\" linking the word to the clue."}}}, {"from": "GM", "to": "GM", "timestamp": "2024-09-18T14:01:14.710424", "action": {"type": "metadata", "content": "Change in player1's guess\nguess_before_critic_opinion: ferny\n                                                critic_agreement: no\nguess_after_critic_opinion: enemy\n                                                Proceeding with guess validation"}}, {"from": "GM", "to": "GM", "timestamp": "2024-09-18T14:01:14.710508", "action": {"type": "metadata", "content": "attempts: 4\ntarget_word = nerdy\ntarget_word_clue = square\nguess: enemy\nguess_feedback: e<yellow> n<yellow> e<red> m<red> y<green>", "game_info": {"attempts": 4, "target_word": "nerdy", "target_word_difficulty": "medium_frequency", "guesser": "Word Guesser (o1-preview-2024-09-12)", "guess": "enemy", "explanation": "Based on the feedback, \"enemy\" fits the criteria: **E** is correctly placed in the second position (green), **N** is in the word but not in positions 2, 3, or 5 (so it can be in position 1), and **Y** is correctly placed in the fifth position (green). The letters **E** and **N** are correctly positioned, and \"enemy\" does not use any of the letters that have been ruled out. As for the clue \"square,\" the term \"square off\" means to prepare for a confrontation, often against an \"enemy,\" linking the word to the clue.", "error": null, "target_word_clue": "square", "critic_agreement": "no", "critic_explanation": "the word \"ferny\" does not sufficiently relate to the clue \"square\".", "guess_critic": "Word Guesser Critic (o1-preview-2024-09-12)"}}}], [{"from": "GM", "to": "Player 1", "timestamp": "2024-09-18T14:02:21.042418", "action": {"type": "send message", "content": "guess_feedback: e<yellow> n<yellow> e<red> m<red> y<green>"}}, {"from": "Player 1", "to": "GM", "timestamp": "2024-09-18T14:02:21.042801", "action": {"type": "get message", "content": "guess: jerky\nexplanation: Based on the feedback, we know that **E** is in the second position (green) and **Y** is in the fifth position (green). The letters **N** and **R** are in the word but not in the positions we've previously tried. Placing **R** in the third position fits this pattern. The word \"jerky\" meets these conditions. Additionally, \"jerky\" relates to the clue \"square\" as both terms can describe someone who is socially awkward or uncool."}}, {"from": "GM", "to": "GM", "timestamp": "2024-09-18T14:02:21.042811", "action": {"type": "parse", "content": {"guess": "jerky", "explanation": "Based on the feedback, we know that **E** is in the second position (green) and **Y** is in the fifth position (green). The letters **N** and **R** are in the word but not in the positions we've previously tried. Placing **R** in the third position fits this pattern. The word \"jerky\" meets these conditions. Additionally, \"jerky\" relates to the clue \"square\" as both terms can describe someone who is socially awkward or uncool."}}}, {"from": "GM", "to": "Player 2", "timestamp": "2024-09-18T14:02:42.590666", "action": {"type": "send message", "content": "clue:square\nguess:jerky\nexplanation:Based on the feedback, we know that **E** is in the second position (green) and **Y** is in the fifth position (green). The letters **N** and **R** are in the word but not in the positions we've previously tried. Placing **R** in the third position fits this pattern. The word \"jerky\" meets these conditions. Additionally, \"jerky\" relates to the clue \"square\" as both terms can describe someone who is socially awkward or uncool.\nguess_feedback: e<yellow> n<yellow> e<red> m<red> y<green>"}}, {"from": "Player 2", "to": "GM", "timestamp": "2024-09-18T14:02:42.590891", "action": {"type": "get message", "content": "agreement: yes  \nexplanation: your guess \"jerky\" fits the given feedback and relates to the clue \"square\" as both terms can describe someone who is socially awkward or uncool."}}, {"from": "GM", "to": "GM", "timestamp": "2024-09-18T14:02:42.590906", "action": {"type": "parse", "content": {"agreement": "yes", "explanation": "your guess \"jerky\" fits the given feedback and relates to the clue \"square\" as both terms can describe someone who is socially awkward or uncool."}}}, {"from": "GM", "to": "GM", "timestamp": "2024-09-18T14:02:42.590960", "action": {"type": "metadata", "content": "Critic agrees with the Guesser -- Sharing the critic's explanation with the guesser"}}], [{"from": "GM", "to": "Player 1", "timestamp": "2024-09-18T14:04:05.673977", "action": {"type": "send message", "content": "clue:square\nguess_agreement:yes\nagreement_explanation:your guess \"jerky\" fits the given feedback and relates to the clue \"square\" as both terms can describe someone who is socially awkward or uncool.\n"}}, {"from": "Player 1", "to": "GM", "timestamp": "2024-09-18T14:04:05.674348", "action": {"type": "get message", "content": "guess: nerdy\nexplanation: Based on the feedback, we have **E** correctly placed in the second position (green) and **Y** correctly placed in the fifth position (green). The letters **N** and **R** are in the word but not in the positions we've previously tried. Specifically, **N** is not in positions 2, 3, or 5, so it can be in positions 1 or 4. **R** is not in position 4 but can be in positions 1 or 3. Placing **N** in position 1 and **R** in position 3 fits this pattern. The word \"nerdy\" meets all these conditions. Relating to the clue \"square,\" both \"square\" and \"nerdy\" describe someone who is socially awkward or academically inclined."}}, {"from": "GM", "to": "GM", "timestamp": "2024-09-18T14:04:05.674358", "action": {"type": "parse", "content": {"guess": "nerdy", "explanation": "Based on the feedback, we have **E** correctly placed in the second position (green) and **Y** correctly placed in the fifth position (green). The letters **N** and **R** are in the word but not in the positions we've previously tried. Specifically, **N** is not in positions 2, 3, or 5, so it can be in positions 1 or 4. **R** is not in position 4 but can be in positions 1 or 3. Placing **N** in position 1 and **R** in position 3 fits this pattern. The word \"nerdy\" meets all these conditions. Relating to the clue \"square,\" both \"square\" and \"nerdy\" describe someone who is socially awkward or academically inclined."}}}, {"from": "GM", "to": "GM", "timestamp": "2024-09-18T14:04:05.674413", "action": {"type": "metadata", "content": "Change in player1's guess\nguess_before_critic_opinion: jerky\n                                                critic_agreement: yes\nguess_after_critic_opinion: nerdy\n                                                Proceeding with guess validation"}}, {"from": "GM", "to": "GM", "timestamp": "2024-09-18T14:04:05.674515", "action": {"type": "metadata", "content": "attempts: 5\ntarget_word = nerdy\ntarget_word_clue = square\nguess: nerdy\nguess_feedback: n<green> e<green> r<green> d<green> y<green>", "game_info": {"attempts": 5, "target_word": "nerdy", "target_word_difficulty": "medium_frequency", "guesser": "Word Guesser (o1-preview-2024-09-12)", "guess": "nerdy", "explanation": "Based on the feedback, we have **E** correctly placed in the second position (green) and **Y** correctly placed in the fifth position (green). The letters **N** and **R** are in the word but not in the positions we've previously tried. Specifically, **N** is not in positions 2, 3, or 5, so it can be in positions 1 or 4. **R** is not in position 4 but can be in positions 1 or 3. Placing **N** in position 1 and **R** in position 3 fits this pattern. The word \"nerdy\" meets all these conditions. Relating to the clue \"square,\" both \"square\" and \"nerdy\" describe someone who is socially awkward or academically inclined.", "error": null, "target_word_clue": "square", "critic_agreement": "yes", "critic_explanation": "your guess \"jerky\" fits the given feedback and relates to the clue \"square\" as both terms can describe someone who is socially awkward or uncool.", "guess_critic": "Word Guesser Critic (o1-preview-2024-09-12)"}}}, {"from": "GM", "to": "GM", "timestamp": "2024-09-18T14:04:05.674550", "action": {"type": "metadata", "content": "game_result = WIN", "data_for_computation": {"player_1": "o1-preview-2024-09-12", "player_2": "o1-preview-2024-09-12", "total_attempts": 5, "turns_req_count": [3, 6, 9, 12, 15], "turns_parse_count": [3, 6, 9, 12, 15], "turns_guess_feedback": [["angle", "a<red> n<yellow> g<red> l<red> e<yellow>"], ["seven", "s<red> e<green> v<red> e<red> n<yellow>"], ["henry", "h<red> e<green> n<yellow> r<yellow> y<green>"], ["enemy", "e<yellow> n<yellow> e<red> m<red> y<green>"], ["nerdy", "n<green> e<green> r<green> d<green> y<green>"]], "critic_guesses_change": [["equal", "angle", "yes"], ["queen", "seven", "yes"], ["nerdy", "henry", "yes"], ["ferny", "enemy", "no"], ["jerky", "nerdy", "yes"]], "guesser_error": null, "critic_error": null, "guesser retry count": 0, "critic retry count": 0, "guesser_req_count": 10, "critic_req_count": 5, "guesser_parsed_req_count": 10, "critic_parsed_req_count": 5, "target_word": "nerdy", "target_word_clue": "square", "target_word_difficulty": "medium_frequency", "game_final_status": "WIN", "use_clue": true, "use_critic": true}}}]]}