{"turn scores": {"1": {"Request Count": 4, "Parsed Request Count": 3, "Violated Request Count": 1, "closeness score": 6, "strategy score": 0, "change_of_opinion": 1}, "2": {"Request Count": 3, "Parsed Request Count": 3, "Violated Request Count": 0, "closeness score": 25, "strategy score": 20, "change_of_opinion": 0}}, "episode scores": {"Aborted": 0, "Lose": 0, "Success": 1, "Request Count": 7, "Parsed Request Count": 6, "Violated Request Count": 1, "Request Success Ratio": 0.86, "Main Score": 50.0, "repeats guess": 0, "total guess repetitions": 0, "Repetition-Guesser-On-Critic-Agreement": 0.5, "Non-Repetition-Guesser-On-Critic-Agreement": 0.5, "Repetition-Guesser-On-Critic-Disagreement": 0, "Non-Repetition-Guesser-On-Critic-Disagreement": 0}}