{"turn scores": {"1": {"Request Count": 4, "Parsed Request Count": 3, "Violated Request Count": 1, "closeness score": 0, "strategy score": 0, "change_of_opinion": 1}, "2": {"Request Count": 3, "Parsed Request Count": 3, "Violated Request Count": 0, "closeness score": 8, "strategy score": 0, "change_of_opinion": 1}, "3": {"Request Count": 3, "Parsed Request Count": 3, "Violated Request Count": 0, "closeness score": 20, "strategy score": 10, "change_of_opinion": 1}, "4": {"Request Count": 3, "Parsed Request Count": 3, "Violated Request Count": 0, "closeness score": 20, "strategy score": 80, "change_of_opinion": 1}, "5": {"Request Count": 3, "Parsed Request Count": 3, "Violated Request Count": 0, "closeness score": 20, "strategy score": 80, "change_of_opinion": 1}, "6": {"Request Count": 3, "Parsed Request Count": 3, "Violated Request Count": 0, "closeness score": 20, "strategy score": 80, "change_of_opinion": 1}}, "episode scores": {"Aborted": 0, "Lose": 1, "Success": 0, "Request Count": 19, "Parsed Request Count": 18, "Violated Request Count": 1, "Request Success Ratio": 0.95, "Main Score": 0, "repeats guess": 0, "total guess repetitions": 0, "Repetition-Guesser-On-Critic-Agreement": 0.0, "Non-Repetition-Guesser-On-Critic-Agreement": 1.0, "Repetition-Guesser-On-Critic-Disagreement": 0.0, "Non-Repetition-Guesser-On-Critic-Disagreement": 1.0}}