{"players": {"GM": "Game master for wordle", "Player 1": "Word Guesser (o1-preview)", "Player 2": "Guess Word Evaluator (Programmatic)"}, "turns": [[{"from": "GM", "to": "Player 1", "timestamp": "2024-09-13T12:17:36.809666", "action": {"type": "send message", "content": "You are a language wizard who likes to guess words by using the given rules.\n\nWelcome to Wordle! You have six attempts to guess the target word, a valid English word of five lowercase letters (a-z). Please use the tags \"guess:\" and \"explanation:\" to provide a concise explanation for each guess.\n\nFor instance, if your guess is \"apple\", your response should be\nguess: apple\n explanation: this is a common five-letter English word, and I am starting my guess with this word.\n\nAfter each guess, your answer will be validated, and you will receive feedback indicating which letters are correct (green), which letters are correct but in the wrong position (yellow), and which letters are incorrect (red). This feedback can be useful in determining which letters to include or exclude in your next guess.\n\nFor example, the feedback for \"apple\" might be:\nguess_feedback: a<yellow> p<yellow> p<green> l<yellow> e<red>\n\nThe explanation should contain details about how the guess_feedback is used to arrive at a new guess.\n\nLet's begin with your first guess."}}, {"from": "Player 1", "to": "GM", "timestamp": "2024-09-13T12:17:36.809780", "action": {"type": "get message", "content": "guess: crane  \nexplanation: I chose \"crane\" as my first guess because it contains common letters and vowels, which should help me identify which letters are in the target word."}}, {"from": "GM", "to": "GM", "timestamp": "2024-09-13T12:17:36.809786", "action": {"type": "parse", "content": {"guess": "crane", "explanation": "I chose \"crane\" as my first guess because it contains common letters and vowels, which should help me identify which letters are in the target word."}}}, {"from": "GM", "to": "GM", "timestamp": "2024-09-13T12:17:36.809876", "action": {"type": "metadata", "content": "attempts: 1\ntarget_word = share\nguess: crane\nguess_feedback: c<red> r<yellow> a<green> n<red> e<green>", "game_info": {"attempts": 1, "target_word": "share", "target_word_difficulty": "high_frequency", "guesser": "Word Guesser (o1-preview)", "guess": "crane", "explanation": "I chose \"crane\" as my first guess because it contains common letters and vowels, which should help me identify which letters are in the target word.", "error": null}}}], [{"from": "GM", "to": "Player 1", "timestamp": "2024-09-13T12:18:00.332972", "action": {"type": "send message", "content": "guess_feedback: c<red> r<yellow> a<green> n<red> e<green>"}}, {"from": "Player 1", "to": "GM", "timestamp": "2024-09-13T12:18:00.333008", "action": {"type": "get message", "content": "guess:stare\nexplanation: Based on the feedback from my previous guess, I now know the following:\n- The third letter is **'a'** (green in position 3).\n- The fifth letter is **'e'** (green in position 5).\n- The letter **'r'** is in the word but not in the second position (yellow for 'r' in position 2).\n- The letters **'c'** and **'n'** are not in the word at all (both red).\n- The letter **'r'** must be in a position other than 2.\n\nWith these constraints, I am looking for a five-letter word that:\n- Has **'a'** as the third letter.\n- Has **'e'** as the fifth letter.\n- Contains the letter **'r'** but not in the second position.\n- Does not contain **'c'** or **'n'**.\n- Does not have **'r'** in position 2.\n\nI chose **\"stare\"** because it fits all these conditions:\n- **'s'** is not ruled out for position 1.\n- **'t'** is acceptable for position 2.\n- **'a'** is in position 3.\n- **'r'** is in position 4.\n- **'e'** is in position 5.\n- It contains the required **'r'** in a new position (position 4).\n- It introduces new letters **'s'** and **'t'** to help identify any additional correct letters."}}, {"from": "GM", "to": "GM", "timestamp": "2024-09-13T12:18:00.333009", "action": {"type": "parse", "content": {"guess": "stare", "explanation": "Based on the feedback from my previous guess, I now know the following:"}}}, {"from": "GM", "to": "GM", "timestamp": "2024-09-13T12:18:00.333029", "action": {"type": "metadata", "content": "attempts: 2\ntarget_word = share\nguess: stare\nguess_feedback: s<green> t<red> a<green> r<green> e<green>", "game_info": {"attempts": 2, "target_word": "share", "target_word_difficulty": "high_frequency", "guesser": "Word Guesser (o1-preview)", "guess": "stare", "explanation": "Based on the feedback from my previous guess, I now know the following:", "error": null}}}], [{"from": "GM", "to": "Player 1", "timestamp": "2024-09-13T12:18:24.646555", "action": {"type": "send message", "content": "guess_feedback: s<green> t<red> a<green> r<green> e<green>"}}, {"from": "Player 1", "to": "GM", "timestamp": "2024-09-13T12:18:24.646664", "action": {"type": "get message", "content": "guess: share\nexplanation: Based on the feedback from my previous guesses, I have the following information:\n\n- **Position 1**: 's' is correct (green).\n- **Position 2**: The letter is not 't' (red) and not 'r' (from the first guess, 'r' was yellow in position 2).\n- **Position 3**: 'a' is correct (green).\n- **Position 4**: 'r' is correct (green).\n- **Position 5**: 'e' is correct (green).\n- Letters not in the word: 'c', 'n', 't'.\n\nThe word fits the pattern **s _ a r e**. Considering common English words, \"share\" fits all the criteria. Therefore, I guess \"share\"."}}, {"from": "GM", "to": "GM", "timestamp": "2024-09-13T12:18:24.646670", "action": {"type": "parse", "content": {"guess": "share", "explanation": "Based on the feedback from my previous guesses, I have the following information:"}}}, {"from": "GM", "to": "GM", "timestamp": "2024-09-13T12:18:24.646717", "action": {"type": "metadata", "content": "attempts: 3\ntarget_word = share\nguess: share\nguess_feedback: s<green> h<green> a<green> r<green> e<green>", "game_info": {"attempts": 3, "target_word": "share", "target_word_difficulty": "high_frequency", "guesser": "Word Guesser (o1-preview)", "guess": "share", "explanation": "Based on the feedback from my previous guesses, I have the following information:", "error": null}}}, {"from": "GM", "to": "GM", "timestamp": "2024-09-13T12:18:24.646739", "action": {"type": "metadata", "content": "game_result = WIN", "data_for_computation": {"player_1": "o1-preview", "player_2": "", "total_attempts": 3, "turns_req_count": [1, 2, 3], "turns_parse_count": [1, 2, 3], "turns_guess_feedback": [["crane", "c<red> r<yellow> a<green> n<red> e<green>"], ["stare", "s<green> t<red> a<green> r<green> e<green>"], ["share", "s<green> h<green> a<green> r<green> e<green>"]], "critic_guesses_change": [], "guesser_error": null, "critic_error": null, "guesser retry count": 0, "critic retry count": 0, "guesser_req_count": 3, "critic_req_count": 0, "guesser_parsed_req_count": 3, "critic_parsed_req_count": 0, "target_word": "share", "target_word_clue": "lion's amount?", "target_word_difficulty": "high_frequency", "game_final_status": "WIN", "use_clue": false, "use_critic": false}}}]]}