{"turn scores": {"1": {"Request Count": 3, "Parsed Request Count": 3, "Violated Request Count": 0, "closeness score": 8, "strategy score": 0, "change_of_opinion": 1}, "2": {"Request Count": 3, "Parsed Request Count": 3, "Violated Request Count": 0, "closeness score": 13, "strategy score": 30, "change_of_opinion": 1}, "3": {"Request Count": 4, "Parsed Request Count": 3, "Violated Request Count": 1, "closeness score": 25, "strategy score": 50, "change_of_opinion": 0}}, "episode scores": {"Aborted": 0, "Lose": 0, "Success": 1, "Request Count": 10, "Parsed Request Count": 9, "Violated Request Count": 1, "Request Success Ratio": 0.9, "Main Score": 33.33, "repeats guess": 0, "total guess repetitions": 0, "Repetition-Guesser-On-Critic-Agreement": 0.33, "Non-Repetition-Guesser-On-Critic-Agreement": 0.67, "Repetition-Guesser-On-Critic-Disagreement": 0, "Non-Repetition-Guesser-On-Critic-Disagreement": 0}}