{"players": {"GM": "Game master for wordle", "Player 1": "Word Guesser (o1-preview-2024-09-12)", "Player 2": "Guess Word Evaluator (Programmatic)"}, "turns": [[{"from": "GM", "to": "Player 1", "timestamp": "2024-09-18T12:29:25.789184", "action": {"type": "send message", "content": "You are a language wizard who likes to guess words by using the given rules.\n\nWelcome to Wordle! You have six attempts to guess the target word, a valid English word of five lowercase letters (a-z). Please use the tags \"guess:\" and \"explanation:\" to provide a concise explanation for each guess.\n\n To help you make an informed guess, you will receive a clue for the word, such as\nclue: snowy white.\n\nHere is an example guess based on the clue:\nguess: apple\nexplanation: In the fairy tail Snow White, the girl is killed because she eats a poisoned apple. And the word apple has 5 letters.\n\nAfter each guess, your answer will be validated, and you will receive feedback indicating which letters are correct (green), which letters are correct but in the wrong position (yellow), and which letters are incorrect (red). This feedback can be useful in determining which letters to include or exclude in your next guess.\n\nFor example, the feedback for \"apple\" might be:\nguess_feedback: a<yellow> p<yellow> p<green> l<yellow> e<red>\n\nThe explanation should contain details about how both the guess_feedback and clue work together in tandem to formulate a new guess.\n\nLet's begin with your first guess.\nclue:strength\n"}}, {"from": "Player 1", "to": "GM", "timestamp": "2024-09-18T12:29:25.789409", "action": {"type": "get message", "content": "guess: power\n\nexplanation: Based on the clue \"strength,\" I am guessing \"power\" because it is a synonym for strength and is a valid five-letter English word."}}, {"from": "GM", "to": "GM", "timestamp": "2024-09-18T12:29:25.789422", "action": {"type": "parse", "content": {"guess": "power", "explanation": "Based on the clue \"strength,\" I am guessing \"power\" because it is a synonym for strength and is a valid five-letter English word."}}}, {"from": "GM", "to": "GM", "timestamp": "2024-09-18T12:29:25.789529", "action": {"type": "metadata", "content": "attempts: 1\ntarget_word = might\ntarget_word_clue = strength\nguess: power\nguess_feedback: p<red> o<red> w<red> e<red> r<red>", "game_info": {"attempts": 1, "target_word": "might", "target_word_difficulty": "high_frequency", "guesser": "Word Guesser (o1-preview-2024-09-12)", "guess": "power", "explanation": "Based on the clue \"strength,\" I am guessing \"power\" because it is a synonym for strength and is a valid five-letter English word.", "error": null, "target_word_clue": "strength"}}}], [{"from": "GM", "to": "Player 1", "timestamp": "2024-09-18T12:29:33.332087", "action": {"type": "send message", "content": "guess_feedback: p<red> o<red> w<red> e<red> r<red>"}}, {"from": "Player 1", "to": "GM", "timestamp": "2024-09-18T12:29:33.332206", "action": {"type": "get message", "content": "guess: might\nexplanation: Based on the clue \"strength,\" I'm guessing \"might,\" which is a synonym for strength and is a five-letter English word. Additionally, none of the letters from my previous guess \"power\"—p<red>, o<red>, w<red>, e<red>, r<red>—are in \"might,\" so this guess aligns with the feedback received."}}, {"from": "GM", "to": "GM", "timestamp": "2024-09-18T12:29:33.332211", "action": {"type": "parse", "content": {"guess": "might", "explanation": "Based on the clue \"strength,\" I'm guessing \"might,\" which is a synonym for strength and is a five-letter English word. Additionally, none of the letters from my previous guess \"power\"—p<red>, o<red>, w<red>, e<red>, r<red>—are in \"might,\" so this guess aligns with the feedback received."}}}, {"from": "GM", "to": "GM", "timestamp": "2024-09-18T12:29:33.332280", "action": {"type": "metadata", "content": "attempts: 2\ntarget_word = might\ntarget_word_clue = strength\nguess: might\nguess_feedback: m<green> i<green> g<green> h<green> t<green>", "game_info": {"attempts": 2, "target_word": "might", "target_word_difficulty": "high_frequency", "guesser": "Word Guesser (o1-preview-2024-09-12)", "guess": "might", "explanation": "Based on the clue \"strength,\" I'm guessing \"might,\" which is a synonym for strength and is a five-letter English word. Additionally, none of the letters from my previous guess \"power\"—p<red>, o<red>, w<red>, e<red>, r<red>—are in \"might,\" so this guess aligns with the feedback received.", "error": null, "target_word_clue": "strength"}}}, {"from": "GM", "to": "GM", "timestamp": "2024-09-18T12:29:33.332317", "action": {"type": "metadata", "content": "game_result = WIN", "data_for_computation": {"player_1": "o1-preview-2024-09-12", "player_2": "", "total_attempts": 2, "turns_req_count": [1, 2], "turns_parse_count": [1, 2], "turns_guess_feedback": [["power", "p<red> o<red> w<red> e<red> r<red>"], ["might", "m<green> i<green> g<green> h<green> t<green>"]], "critic_guesses_change": [], "guesser_error": null, "critic_error": null, "guesser retry count": 0, "critic retry count": 0, "guesser_req_count": 2, "critic_req_count": 0, "guesser_parsed_req_count": 2, "critic_parsed_req_count": 0, "target_word": "might", "target_word_clue": "strength", "target_word_difficulty": "high_frequency", "game_final_status": "WIN", "use_clue": true, "use_critic": false}}}]]}