{"players": {"GM": "Game master for wordle", "Player 1": "Word Guesser (o1-preview)", "Player 2": "Guess Word Evaluator (Programmatic)"}, "turns": [[{"from": "GM", "to": "Player 1", "timestamp": "2024-09-13T12:47:00.658900", "action": {"type": "send message", "content": "You are a language wizard who likes to guess words by using the given rules.\n\nWelcome to Wordle! You have six attempts to guess the target word, a valid English word of five lowercase letters (a-z). Please use the tags \"guess:\" and \"explanation:\" to provide a concise explanation for each guess.\n\nFor instance, if your guess is \"apple\", your response should be\nguess: apple\n explanation: this is a common five-letter English word, and I am starting my guess with this word.\n\nAfter each guess, your answer will be validated, and you will receive feedback indicating which letters are correct (green), which letters are correct but in the wrong position (yellow), and which letters are incorrect (red). This feedback can be useful in determining which letters to include or exclude in your next guess.\n\nFor example, the feedback for \"apple\" might be:\nguess_feedback: a<yellow> p<yellow> p<green> l<yellow> e<red>\n\nThe explanation should contain details about how the guess_feedback is used to arrive at a new guess.\n\nLet's begin with your first guess."}}, {"from": "Player 1", "to": "GM", "timestamp": "2024-09-13T12:47:00.659085", "action": {"type": "get message", "content": "guess: crane  \nexplanation: I chose \"crane\" as my first guess because it contains common consonants and vowels, which should help identify which letters are in the target word."}}, {"from": "GM", "to": "GM", "timestamp": "2024-09-13T12:47:00.659096", "action": {"type": "parse", "content": {"guess": "crane", "explanation": "I chose \"crane\" as my first guess because it contains common consonants and vowels, which should help identify which letters are in the target word."}}}, {"from": "GM", "to": "GM", "timestamp": "2024-09-13T12:47:00.659209", "action": {"type": "metadata", "content": "attempts: 1\ntarget_word = reign\nguess: crane\nguess_feedback: c<red> r<yellow> a<red> n<yellow> e<yellow>", "game_info": {"attempts": 1, "target_word": "reign", "target_word_difficulty": "medium_frequency", "guesser": "Word Guesser (o1-preview)", "guess": "crane", "explanation": "I chose \"crane\" as my first guess because it contains common consonants and vowels, which should help identify which letters are in the target word.", "error": null}}}], [{"from": "GM", "to": "Player 1", "timestamp": "2024-09-13T12:47:19.773591", "action": {"type": "send message", "content": "guess_feedback: c<red> r<yellow> a<red> n<yellow> e<yellow>"}}, {"from": "Player 1", "to": "GM", "timestamp": "2024-09-13T12:47:19.773718", "action": {"type": "get message", "content": "guess:entry\nexplanation: Based on the feedback from my first guess \"crane\":\n\n- The letters **r**, **n**, and **e** are in the target word but not in the positions I had them.\n  - **r** is not in position 2.\n  - **n** is not in position 4.\n  - **e** is not in position 5.\n- The letters **c** and **a** are not in the word.\n\nI chose **\"entry\"** because:\n\n- It includes the letters **e**, **n**, and **r** in new positions that haven't been ruled out.\n  - **e** is now in position 1.\n  - **n** is in position 2.\n  - **r** is in position 4.\n- It introduces two new letters, **t** and **y**, which could help identify additional correct letters.\n- It doesn't include any letters that have been eliminated (**c** and **a**)."}}, {"from": "GM", "to": "GM", "timestamp": "2024-09-13T12:47:19.773727", "action": {"type": "parse", "content": {"guess": "entry", "explanation": "Based on the feedback from my first guess \"crane\":"}}}, {"from": "GM", "to": "GM", "timestamp": "2024-09-13T12:47:19.773781", "action": {"type": "metadata", "content": "attempts: 2\ntarget_word = reign\nguess: entry\nguess_feedback: e<yellow> n<yellow> t<red> r<yellow> y<red>", "game_info": {"attempts": 2, "target_word": "reign", "target_word_difficulty": "medium_frequency", "guesser": "Word Guesser (o1-preview)", "guess": "entry", "explanation": "Based on the feedback from my first guess \"crane\":", "error": null}}}], [{"from": "GM", "to": "Player 1", "timestamp": "2024-09-13T12:48:12.630478", "action": {"type": "send message", "content": "guess_feedback: e<yellow> n<yellow> t<red> r<yellow> y<red>"}}, {"from": "Player 1", "to": "GM", "timestamp": "2024-09-13T12:48:12.630737", "action": {"type": "get message", "content": "guess: diner\nexplanation: Based on the feedback from my previous guesses \"crane\" and \"entry\", I know the following:\n- The letters **e**, **n**, and **r** are in the target word but not in the positions I've tried before.\n  - **e** is not in positions 1 or 5 (since it was yellow in those positions).\n  - **n** is not in positions 2 or 4.\n  - **r** is not in positions 2 or 4.\n- The letters **c**, **a**, **t**, and **y** are not in the word at all.\n\nGiven this information, I want to place **e**, **n**, and **r** in new positions. The word \"diner\" fits these criteria:\n- **d** and **i** are new letters to test.\n- **n** is in position 3 (which hasn't been tried for **n**).\n- **e** is in position 4 (a new position for **e**).\n- **r** is in position 5 (which is acceptable for **r**).\n\nTherefore, my next guess is **\"diner\"**."}}, {"from": "GM", "to": "GM", "timestamp": "2024-09-13T12:48:12.630753", "action": {"type": "parse", "content": {"guess": "diner", "explanation": "Based on the feedback from my previous guesses \"crane\" and \"entry\", I know the following:"}}}, {"from": "GM", "to": "GM", "timestamp": "2024-09-13T12:48:12.630888", "action": {"type": "metadata", "content": "attempts: 3\ntarget_word = reign\nguess: diner\nguess_feedback: d<red> i<yellow> n<yellow> e<yellow> r<yellow>", "game_info": {"attempts": 3, "target_word": "reign", "target_word_difficulty": "medium_frequency", "guesser": "Word Guesser (o1-preview)", "guess": "diner", "explanation": "Based on the feedback from my previous guesses \"crane\" and \"entry\", I know the following:", "error": null}}}], [{"from": "GM", "to": "Player 1", "timestamp": "2024-09-13T12:49:04.573810", "action": {"type": "send message", "content": "guess_feedback: d<red> i<yellow> n<yellow> e<yellow> r<yellow>"}}, {"from": "Player 1", "to": "GM", "timestamp": "2024-09-13T12:49:04.574021", "action": {"type": "get message", "content": "guess:reign\nexplanation:Based on the feedback from my previous guesses \"crane\", \"entry\", and \"diner\", I have the following information:\n\n- **Letters not in the word**: c, a, t, y, d.\n- **Letters in the word but in the wrong positions**: r, e, n, i.\n\nFrom the positions tried:\n\n- **r** is not in positions 2, 4, or 5.\n- **e** is not in positions 1, 4, or 5.\n- **n** is not in positions 2, 3, or 4.\n- **i** is not in position 2.\n\nConsidering these constraints, the word **\"reign\"** fits:\n\n- **r** in position 1 (not previously tried).\n- **e** in position 2 (not previously tried).\n- **i** in position 3 (not previously tried).\n- **g** is a new letter that hasn't been ruled out.\n- **n** in position 5 (not previously tried).\n\nTherefore, I am guessing **\"reign\"** as it aligns with all the known information."}}, {"from": "GM", "to": "GM", "timestamp": "2024-09-13T12:49:04.574033", "action": {"type": "parse", "content": {"guess": "reign", "explanation": "Based on the feedback from my previous guesses \"crane\", \"entry\", and \"diner\", I have the following information:"}}}, {"from": "GM", "to": "GM", "timestamp": "2024-09-13T12:49:04.574102", "action": {"type": "metadata", "content": "attempts: 4\ntarget_word = reign\nguess: reign\nguess_feedback: r<green> e<green> i<green> g<green> n<green>", "game_info": {"attempts": 4, "target_word": "reign", "target_word_difficulty": "medium_frequency", "guesser": "Word Guesser (o1-preview)", "guess": "reign", "explanation": "Based on the feedback from my previous guesses \"crane\", \"entry\", and \"diner\", I have the following information:", "error": null}}}, {"from": "GM", "to": "GM", "timestamp": "2024-09-13T12:49:04.574144", "action": {"type": "metadata", "content": "game_result = WIN", "data_for_computation": {"player_1": "o1-preview", "player_2": "", "total_attempts": 4, "turns_req_count": [1, 2, 3, 4], "turns_parse_count": [1, 2, 3, 4], "turns_guess_feedback": [["crane", "c<red> r<yellow> a<red> n<yellow> e<yellow>"], ["entry", "e<yellow> n<yellow> t<red> r<yellow> y<red>"], ["diner", "d<red> i<yellow> n<yellow> e<yellow> r<yellow>"], ["reign", "r<green> e<green> i<green> g<green> n<green>"]], "critic_guesses_change": [], "guesser_error": null, "critic_error": null, "guesser retry count": 0, "critic retry count": 0, "guesser_req_count": 4, "critic_req_count": 0, "guesser_parsed_req_count": 4, "critic_parsed_req_count": 0, "target_word": "reign", "target_word_clue": "rule", "target_word_difficulty": "medium_frequency", "game_final_status": "WIN", "use_clue": false, "use_critic": false}}}]]}