{"turn scores": {"1": {"Request Count": 1, "Parsed Request Count": 1, "Violated Request Count": 0, "closeness score": 3, "strategy score": 0}, "2": {"Request Count": 1, "Parsed Request Count": 1, "Violated Request Count": 0, "closeness score": 3, "strategy score": 10}, "3": {"Request Count": 1, "Parsed Request Count": 1, "Violated Request Count": 0, "closeness score": 3, "strategy score": 10}, "4": {"Request Count": 1, "Parsed Request Count": 1, "Violated Request Count": 0, "closeness score": 5, "strategy score": 10}, "5": {"Request Count": 1, "Parsed Request Count": 1, "Violated Request Count": 0, "closeness score": 6, "strategy score": 0}, "6": {"Request Count": 1, "Parsed Request Count": 1, "Violated Request Count": 0, "closeness score": 25, "strategy score": 10}}, "episode scores": {"Aborted": 0, "Lose": 0, "Success": 1, "Request Count": 6, "Parsed Request Count": 6, "Violated Request Count": 0, "Request Success Ratio": 1.0, "Main Score": 16.67, "repeats guess": 0, "total guess repetitions": 0}}