{"players": {"GM": "Game master for wordle", "Player 1": "Word Guesser (o1-preview)", "Player 2": "Guess Word Evaluator (Programmatic)"}, "turns": [[{"from": "GM", "to": "Player 1", "timestamp": "2024-09-13T12:24:40.053520", "action": {"type": "send message", "content": "You are a language wizard who likes to guess words by using the given rules.\n\nWelcome to Wordle! You have six attempts to guess the target word, a valid English word of five lowercase letters (a-z). Please use the tags \"guess:\" and \"explanation:\" to provide a concise explanation for each guess.\n\nFor instance, if your guess is \"apple\", your response should be\nguess: apple\n explanation: this is a common five-letter English word, and I am starting my guess with this word.\n\nAfter each guess, your answer will be validated, and you will receive feedback indicating which letters are correct (green), which letters are correct but in the wrong position (yellow), and which letters are incorrect (red). This feedback can be useful in determining which letters to include or exclude in your next guess.\n\nFor example, the feedback for \"apple\" might be:\nguess_feedback: a<yellow> p<yellow> p<green> l<yellow> e<red>\n\nThe explanation should contain details about how the guess_feedback is used to arrive at a new guess.\n\nLet's begin with your first guess."}}, {"from": "Player 1", "to": "GM", "timestamp": "2024-09-13T12:24:40.053618", "action": {"type": "get message", "content": "guess: arose  \nexplanation: I chose \"arose\" because it contains three common vowels—A, O, and E—and two frequent consonants, R and S. This should help identify which letters are in the target word."}}, {"from": "GM", "to": "GM", "timestamp": "2024-09-13T12:24:40.053623", "action": {"type": "parse", "content": {"guess": "arose", "explanation": "I chose \"arose\" because it contains three common vowels—A, O, and E—and two frequent consonants, R and S. This should help identify which letters are in the target word."}}}, {"from": "GM", "to": "GM", "timestamp": "2024-09-13T12:24:40.053680", "action": {"type": "metadata", "content": "attempts: 1\ntarget_word = field\nguess: arose\nguess_feedback: a<red> r<red> o<red> s<red> e<yellow>", "game_info": {"attempts": 1, "target_word": "field", "target_word_difficulty": "high_frequency", "guesser": "Word Guesser (o1-preview)", "guess": "arose", "explanation": "I chose \"arose\" because it contains three common vowels—A, O, and E—and two frequent consonants, R and S. This should help identify which letters are in the target word.", "error": null}}}], [{"from": "GM", "to": "Player 1", "timestamp": "2024-09-13T12:25:02.632651", "action": {"type": "send message", "content": "guess_feedback: a<red> r<red> o<red> s<red> e<yellow>"}}, {"from": "Player 1", "to": "GM", "timestamp": "2024-09-13T12:25:02.632748", "action": {"type": "get message", "content": "guess:blend\nexplanation:From the feedback, I know that the letters A, R, O, and S are not in the word, and E is in the word but not in the fifth position. I chose \"blend\" because it places E in the third position and introduces new letters B, L, N, and D, which might be in the target word."}}, {"from": "GM", "to": "GM", "timestamp": "2024-09-13T12:25:02.632754", "action": {"type": "parse", "content": {"guess": "blend", "explanation": "From the feedback, I know that the letters A, R, O, and S are not in the word, and E is in the word but not in the fifth position. I chose \"blend\" because it places E in the third position and introduces new letters B, L, N, and D, which might be in the target word."}}}, {"from": "GM", "to": "GM", "timestamp": "2024-09-13T12:25:02.632817", "action": {"type": "metadata", "content": "attempts: 2\ntarget_word = field\nguess: blend\nguess_feedback: b<red> l<yellow> e<green> n<red> d<green>", "game_info": {"attempts": 2, "target_word": "field", "target_word_difficulty": "high_frequency", "guesser": "Word Guesser (o1-preview)", "guess": "blend", "explanation": "From the feedback, I know that the letters A, R, O, and S are not in the word, and E is in the word but not in the fifth position. I chose \"blend\" because it places E in the third position and introduces new letters B, L, N, and D, which might be in the target word.", "error": null}}}], [{"from": "GM", "to": "Player 1", "timestamp": "2024-09-13T12:25:25.384866", "action": {"type": "send message", "content": "guess_feedback: b<red> l<yellow> e<green> n<red> d<green>"}}, {"from": "Player 1", "to": "GM", "timestamp": "2024-09-13T12:25:25.384982", "action": {"type": "get message", "content": "guess:field\nexplanation:From the previous feedback, I know that the word contains E at position 3 and D at position 5. The letter L is in the word but not in position 2. The letters A, R, O, S, B, and N are not in the word. I chose \"field\" because it fits these criteria, placing L at position 4 (not position 2), and introduces new letters F and I, which could be in the target word."}}, {"from": "GM", "to": "GM", "timestamp": "2024-09-13T12:25:25.384988", "action": {"type": "parse", "content": {"guess": "field", "explanation": "From the previous feedback, I know that the word contains E at position 3 and D at position 5. The letter L is in the word but not in position 2. The letters A, R, O, S, B, and N are not in the word. I chose \"field\" because it fits these criteria, placing L at position 4 (not position 2), and introduces new letters F and I, which could be in the target word."}}}, {"from": "GM", "to": "GM", "timestamp": "2024-09-13T12:25:25.385039", "action": {"type": "metadata", "content": "attempts: 3\ntarget_word = field\nguess: field\nguess_feedback: f<green> i<green> e<green> l<green> d<green>", "game_info": {"attempts": 3, "target_word": "field", "target_word_difficulty": "high_frequency", "guesser": "Word Guesser (o1-preview)", "guess": "field", "explanation": "From the previous feedback, I know that the word contains E at position 3 and D at position 5. The letter L is in the word but not in position 2. The letters A, R, O, S, B, and N are not in the word. I chose \"field\" because it fits these criteria, placing L at position 4 (not position 2), and introduces new letters F and I, which could be in the target word.", "error": null}}}, {"from": "GM", "to": "GM", "timestamp": "2024-09-13T12:25:25.385063", "action": {"type": "metadata", "content": "game_result = WIN", "data_for_computation": {"player_1": "o1-preview", "player_2": "", "total_attempts": 3, "turns_req_count": [1, 2, 3], "turns_parse_count": [1, 2, 3], "turns_guess_feedback": [["arose", "a<red> r<red> o<red> s<red> e<yellow>"], ["blend", "b<red> l<yellow> e<green> n<red> d<green>"], ["field", "f<green> i<green> e<green> l<green> d<green>"]], "critic_guesses_change": [], "guesser_error": null, "critic_error": null, "guesser retry count": 0, "critic retry count": 0, "guesser_req_count": 3, "critic_req_count": 0, "guesser_parsed_req_count": 3, "critic_parsed_req_count": 0, "target_word": "field", "target_word_clue": "place to play", "target_word_difficulty": "high_frequency", "game_final_status": "WIN", "use_clue": false, "use_critic": false}}}]]}