{"turn scores": {"1": {"Request Count": 2, "Parsed Request Count": 1, "Violated Request Count": 1, "closeness score": 3, "strategy score": 0}, "2": {"Request Count": 1, "Parsed Request Count": 1, "Violated Request Count": 0, "closeness score": 6, "strategy score": -10}, "3": {"Request Count": 1, "Parsed Request Count": 1, "Violated Request Count": 0, "closeness score": 11, "strategy score": 0}, "4": {"Request Count": 1, "Parsed Request Count": 1, "Violated Request Count": 0, "closeness score": 25, "strategy score": 40}}, "episode scores": {"Aborted": 0, "Lose": 0, "Success": 1, "Request Count": 5, "Parsed Request Count": 4, "Violated Request Count": 1, "Request Success Ratio": 0.8, "Main Score": 25.0, "repeats guess": 0, "total guess repetitions": 0}}