{"players": {"GM": "Game master for wordle", "Player 1": "Word Guesser (o1-preview-2024-09-12)", "Player 2": "Guess Word Evaluator (Programmatic)"}, "turns": [[{"from": "GM", "to": "Player 1", "timestamp": "2024-09-18T12:29:59.086093", "action": {"type": "send message", "content": "You are a language wizard who likes to guess words by using the given rules.\n\nWelcome to Wordle! You have six attempts to guess the target word, a valid English word of five lowercase letters (a-z). Please use the tags \"guess:\" and \"explanation:\" to provide a concise explanation for each guess.\n\n To help you make an informed guess, you will receive a clue for the word, such as\nclue: snowy white.\n\nHere is an example guess based on the clue:\nguess: apple\nexplanation: In the fairy tail Snow White, the girl is killed because she eats a poisoned apple. And the word apple has 5 letters.\n\nAfter each guess, your answer will be validated, and you will receive feedback indicating which letters are correct (green), which letters are correct but in the wrong position (yellow), and which letters are incorrect (red). This feedback can be useful in determining which letters to include or exclude in your next guess.\n\nFor example, the feedback for \"apple\" might be:\nguess_feedback: a<yellow> p<yellow> p<green> l<yellow> e<red>\n\nThe explanation should contain details about how both the guess_feedback and clue work together in tandem to formulate a new guess.\n\nLet's begin with your first guess.\nclue:place to play\n"}}, {"from": "Player 1", "to": "GM", "timestamp": "2024-09-18T12:29:59.086287", "action": {"type": "get message", "content": "guess: field\n\nexplanation: \"Field\" is a place where people play sports like soccer and baseball, and it has five letters, fitting the clue \"place to play.\""}}, {"from": "GM", "to": "GM", "timestamp": "2024-09-18T12:29:59.086300", "action": {"type": "parse", "content": {"guess": "field", "explanation": "\"Field\" is a place where people play sports like soccer and baseball, and it has five letters, fitting the clue \"place to play.\""}}}, {"from": "GM", "to": "GM", "timestamp": "2024-09-18T12:29:59.086369", "action": {"type": "metadata", "content": "attempts: 1\ntarget_word = field\ntarget_word_clue = place to play\nguess: field\nguess_feedback: f<green> i<green> e<green> l<green> d<green>", "game_info": {"attempts": 1, "target_word": "field", "target_word_difficulty": "high_frequency", "guesser": "Word Guesser (o1-preview-2024-09-12)", "guess": "field", "explanation": "\"Field\" is a place where people play sports like soccer and baseball, and it has five letters, fitting the clue \"place to play.\"", "error": null, "target_word_clue": "place to play"}}}, {"from": "GM", "to": "GM", "timestamp": "2024-09-18T12:29:59.086413", "action": {"type": "metadata", "content": "game_result = WIN", "data_for_computation": {"player_1": "o1-preview-2024-09-12", "player_2": "", "total_attempts": 1, "turns_req_count": [1], "turns_parse_count": [1], "turns_guess_feedback": [["field", "f<green> i<green> e<green> l<green> d<green>"]], "critic_guesses_change": [], "guesser_error": null, "critic_error": null, "guesser retry count": 0, "critic retry count": 0, "guesser_req_count": 1, "critic_req_count": 0, "guesser_parsed_req_count": 1, "critic_parsed_req_count": 0, "target_word": "field", "target_word_clue": "place to play", "target_word_difficulty": "high_frequency", "game_final_status": "WIN", "use_clue": true, "use_critic": false}}}]]}