{"players": {"GM": "Game master for wordle", "Player 1": "Word Guesser (o1-preview)", "Player 2": "Guess Word Evaluator (Programmatic)"}, "turns": [[{"from": "GM", "to": "Player 1", "timestamp": "2024-09-13T12:43:37.923428", "action": {"type": "send message", "content": "You are a language wizard who likes to guess words by using the given rules.\n\nWelcome to Wordle! You have six attempts to guess the target word, a valid English word of five lowercase letters (a-z). Please use the tags \"guess:\" and \"explanation:\" to provide a concise explanation for each guess.\n\nFor instance, if your guess is \"apple\", your response should be\nguess: apple\n explanation: this is a common five-letter English word, and I am starting my guess with this word.\n\nAfter each guess, your answer will be validated, and you will receive feedback indicating which letters are correct (green), which letters are correct but in the wrong position (yellow), and which letters are incorrect (red). This feedback can be useful in determining which letters to include or exclude in your next guess.\n\nFor example, the feedback for \"apple\" might be:\nguess_feedback: a<yellow> p<yellow> p<green> l<yellow> e<red>\n\nThe explanation should contain details about how the guess_feedback is used to arrive at a new guess.\n\nLet's begin with your first guess."}}, {"from": "Player 1", "to": "GM", "timestamp": "2024-09-13T12:43:37.923554", "action": {"type": "get message", "content": "guess: crane  \nexplanation: I chose \"crane\" because it contains common letters and vowels, maximizing the chances of identifying correct letters in the target word."}}, {"from": "GM", "to": "GM", "timestamp": "2024-09-13T12:43:37.923561", "action": {"type": "parse", "content": {"guess": "crane", "explanation": "I chose \"crane\" because it contains common letters and vowels, maximizing the chances of identifying correct letters in the target word."}}}, {"from": "GM", "to": "GM", "timestamp": "2024-09-13T12:43:37.923656", "action": {"type": "metadata", "content": "attempts: 1\ntarget_word = trial\nguess: crane\nguess_feedback: c<red> r<green> a<yellow> n<red> e<red>", "game_info": {"attempts": 1, "target_word": "trial", "target_word_difficulty": "medium_frequency", "guesser": "Word Guesser (o1-preview)", "guess": "crane", "explanation": "I chose \"crane\" because it contains common letters and vowels, maximizing the chances of identifying correct letters in the target word.", "error": null}}}], [{"from": "GM", "to": "Player 1", "timestamp": "2024-09-13T12:44:31.412690", "action": {"type": "send message", "content": "guess_feedback: c<red> r<green> a<yellow> n<red> e<red>"}}, {"from": "Player 1", "to": "GM", "timestamp": "2024-09-13T12:44:31.412885", "action": {"type": "get message", "content": "guess:aroma\nexplanation:Based on the feedback from the first guess, the letter 'r' is correct and in the second position. The letter 'a' is in the word but not in the third position. The letters 'c', 'n', and 'e' are not in the word. Therefore, I chose \"aroma\" because it places 'r' in the second position and includes 'a' in positions other than the third, while avoiding the excluded letters."}}, {"from": "GM", "to": "GM", "timestamp": "2024-09-13T12:44:31.412896", "action": {"type": "parse", "content": {"guess": "aroma", "explanation": "Based on the feedback from the first guess, the letter 'r' is correct and in the second position. The letter 'a' is in the word but not in the third position. The letters 'c', 'n', and 'e' are not in the word. Therefore, I chose \"aroma\" because it places 'r' in the second position and includes 'a' in positions other than the third, while avoiding the excluded letters."}}}, {"from": "GM", "to": "GM", "timestamp": "2024-09-13T12:44:31.413005", "action": {"type": "metadata", "content": "attempts: 2\ntarget_word = trial\nguess: aroma\nguess_feedback: a<yellow> r<green> o<red> m<red> a<red>", "game_info": {"attempts": 2, "target_word": "trial", "target_word_difficulty": "medium_frequency", "guesser": "Word Guesser (o1-preview)", "guess": "aroma", "explanation": "Based on the feedback from the first guess, the letter 'r' is correct and in the second position. The letter 'a' is in the word but not in the third position. The letters 'c', 'n', and 'e' are not in the word. Therefore, I chose \"aroma\" because it places 'r' in the second position and includes 'a' in positions other than the third, while avoiding the excluded letters.", "error": null}}}], [{"from": "GM", "to": "Player 1", "timestamp": "2024-09-13T12:45:16.741903", "action": {"type": "send message", "content": "guess_feedback: a<yellow> r<green> o<red> m<red> a<red>"}}, {"from": "Player 1", "to": "GM", "timestamp": "2024-09-13T12:45:16.742091", "action": {"type": "get message", "content": "guess: graph\nexplanation: Based on the feedback so far, here's what we know:\n\n- The letter **'r'** is confirmed in the second position (green in both guesses).\n- The letter **'a'** is in the word but not in positions 1, 3, or 5 (yellow in position 3 in \"crane\", yellow in position 1 and red in position 5 in \"aroma\"). This means **'a'** must be in position 4.\n- The letters **'c'**, **'n'**, **'e'**, **'o'**, and **'m'** are not in the word (all red).\n- The letters **'o'** and **'m'** from \"aroma\" are not in the word.\n- The letter **'a'** appears only once in the word, as indicated by the yellow and red feedback for the two **'a'**s in \"aroma\".\n\nWith this information, the word should have:\n\n- **'r'** in the second position.\n- **'a'** in the fourth position.\n- Letters not previously used or not ruled out in the other positions.\n\nI chose **\"graph\"** because:\n\n- It places **'r'** in the second position.\n- It places **'a'** in the fourth position.\n- It uses new letters (**'g'**, **'p'**, **'h'**) that haven't been ruled out.\n- It adheres to all the known constraints."}}, {"from": "GM", "to": "GM", "timestamp": "2024-09-13T12:45:16.742103", "action": {"type": "parse", "content": {"guess": "graph", "explanation": "Based on the feedback so far, here's what we know:"}}}, {"from": "GM", "to": "GM", "timestamp": "2024-09-13T12:45:16.742171", "action": {"type": "metadata", "content": "attempts: 3\ntarget_word = trial\nguess: graph\nguess_feedback: g<red> r<green> a<yellow> p<red> h<red>", "game_info": {"attempts": 3, "target_word": "trial", "target_word_difficulty": "medium_frequency", "guesser": "Word Guesser (o1-preview)", "guess": "graph", "explanation": "Based on the feedback so far, here's what we know:", "error": null}}}], [{"from": "GM", "to": "Player 1", "timestamp": "2024-09-13T12:46:02.423841", "action": {"type": "send message", "content": "guess_feedback: g<red> r<green> a<yellow> p<red> h<red>"}}, {"from": "Player 1", "to": "GM", "timestamp": "2024-09-13T12:46:02.423955", "action": {"type": "get message", "content": "guess:dryad\nexplanation:Based on the feedback so far, here's what we know:\n\n- The letter **'r'** is correct and in the second position.\n- The letter **'a'** is in the word but not in positions 1, 3, or 5. This means **'a'** must be in the **fourth position**.\n- The letters **'c', 'n', 'e', 'o', 'm', 'g', 'p', 'h'** are not in the word.\n- The letters **'d'** and **'y'** have not been tried yet and are possible candidates.\n\nI chose **\"dryad\"** because it places **'r'** in the second position and **'a'** in the fourth position, satisfying all the known conditions. It also introduces new letters **'d'** and **'y'** which could help in identifying any additional correct letters."}}, {"from": "GM", "to": "GM", "timestamp": "2024-09-13T12:46:02.423961", "action": {"type": "parse", "content": {"guess": "dryad", "explanation": "Based on the feedback so far, here's what we know:"}}}, {"from": "GM", "to": "GM", "timestamp": "2024-09-13T12:46:02.424019", "action": {"type": "metadata", "content": "attempts: 4\ntarget_word = trial\nguess: dryad\nguess_feedback: d<red> r<green> y<red> a<green> d<red>", "game_info": {"attempts": 4, "target_word": "trial", "target_word_difficulty": "medium_frequency", "guesser": "Word Guesser (o1-preview)", "guess": "dryad", "explanation": "Based on the feedback so far, here's what we know:", "error": null}}}], [{"from": "GM", "to": "Player 1", "timestamp": "2024-09-13T12:46:53.137304", "action": {"type": "send message", "content": "guess_feedback: d<red> r<green> y<red> a<green> d<red>"}}, {"from": "Player 1", "to": "GM", "timestamp": "2024-09-13T12:46:53.137511", "action": {"type": "get message", "content": "guess: trial\nexplanation: Based on the feedback so far, we know the following:\n\n- The letter 'r' is confirmed in the second position.\n- The letter 'a' is confirmed in the fourth position.\n- The letter 'a' is not in positions 1, 3, or 5.\n- The letters 'c', 'n', 'e', 'o', 'm', 'g', 'p', 'h', 'd', and 'y' are not in the word.\n\nTo maximize our chances, we need a word that fits the pattern \\_ r \\_ a \\_, using untried letters. I chose \"trial\" because it places 'r' and 'a' in the correct positions and introduces the letters 't', 'i', and 'l', which have not been ruled out. These are common letters that might be in the target word."}}, {"from": "GM", "to": "GM", "timestamp": "2024-09-13T12:46:53.137520", "action": {"type": "parse", "content": {"guess": "trial", "explanation": "Based on the feedback so far, we know the following:"}}}, {"from": "GM", "to": "GM", "timestamp": "2024-09-13T12:46:53.137610", "action": {"type": "metadata", "content": "attempts: 5\ntarget_word = trial\nguess: trial\nguess_feedback: t<green> r<green> i<green> a<green> l<green>", "game_info": {"attempts": 5, "target_word": "trial", "target_word_difficulty": "medium_frequency", "guesser": "Word Guesser (o1-preview)", "guess": "trial", "explanation": "Based on the feedback so far, we know the following:", "error": null}}}, {"from": "GM", "to": "GM", "timestamp": "2024-09-13T12:46:53.137654", "action": {"type": "metadata", "content": "game_result = WIN", "data_for_computation": {"player_1": "o1-preview", "player_2": "", "total_attempts": 5, "turns_req_count": [1, 2, 3, 4, 5], "turns_parse_count": [1, 2, 3, 4, 5], "turns_guess_feedback": [["crane", "c<red> r<green> a<yellow> n<red> e<red>"], ["aroma", "a<yellow> r<green> o<red> m<red> a<red>"], ["graph", "g<red> r<green> a<yellow> p<red> h<red>"], ["dryad", "d<red> r<green> y<red> a<green> d<red>"], ["trial", "t<green> r<green> i<green> a<green> l<green>"]], "critic_guesses_change": [], "guesser_error": null, "critic_error": null, "guesser retry count": 0, "critic retry count": 0, "guesser_req_count": 5, "critic_req_count": 0, "guesser_parsed_req_count": 5, "critic_parsed_req_count": 0, "target_word": "trial", "target_word_clue": "court event", "target_word_difficulty": "medium_frequency", "game_final_status": "WIN", "use_clue": false, "use_critic": false}}}]]}