{"players": {"GM": "Game master for wordle", "Player 1": "Word Guesser (o1-preview-2024-09-12)", "Player 2": "Word Guesser Critic (o1-preview-2024-09-12)"}, "turns": [[{"from": "GM", "to": "Player 1", "timestamp": "2024-09-18T13:08:34.482533", "action": {"type": "send message", "content": "You are a language wizard who likes to guess words by using the given rules.\n\nWelcome to Wordle! You have six attempts to guess the target word, a valid English word of five lowercase letters (a-z). Please use the tags \"guess:\" and \"explanation:\" to provide a concise explanation for each guess.\n\nTo help you make an informed guess, you will receive a clue for the word, such as\nclue: \"snowy white\"\n\nHere is an example guess based on the clue:\nguess: apple\nexplanation: In the fairy tail Snow White, the girl is killed because she eats a poisoned apple. And the word apple has 5 letters.\n\nI will then indicate whether I agree or disagree with your guess and provide rationale, but agreeing with a guess does not confirm its correctness. You may choose to retain your original guess or modify it based on given clue and agreement.\n\nAfter each guess, your answer will be validated, and you will receive feedback indicating which letters are correct (green), which letters are correct but in the wrong position (yellow), and which letters are incorrect (red). This feedback can be useful in determining which letters to include or exclude in your next guess.\n\nFor example, the feedback for \"apple\" might be:\nguess_feedback: a<yellow> p<yellow> p<green> l<yellow> e<red>\n\nHere are some rules to keep in mind:\n1. Please do not generate any guess feedback or clue on your own\n2. Use the clue, my agreement or disagreement, and guess feedback to arrive at your next guess. This should be reflected in your explanation as well.\n\nLet's begin with your first guess.\n\nclue:bronze place\n"}}, {"from": "Player 1", "to": "GM", "timestamp": "2024-09-18T13:08:34.482638", "action": {"type": "get message", "content": "guess: third\nexplanation: The bronze medal is awarded to the third-place finisher in competitions, so \"third\" aligns with the clue \"bronze place\" and is a five-letter word."}}, {"from": "GM", "to": "GM", "timestamp": "2024-09-18T13:08:34.482643", "action": {"type": "parse", "content": {"guess": "third", "explanation": "The bronze medal is awarded to the third-place finisher in competitions, so \"third\" aligns with the clue \"bronze place\" and is a five-letter word."}}}, {"from": "GM", "to": "Player 2", "timestamp": "2024-09-18T13:08:46.014479", "action": {"type": "send message", "content": "I need your assistance with a word game in which we need to find a 5-letter word using a clue, a guess and an explanation for the guess.\n\nFor example, if the clue is \"snow white\" and the guess is \"apple\", you will get the information like this:\nclue:snow white\nguess:apple\nexplanation:the fairy tale Snow White involves the girl eating a poisoned apple, which has 5 letters.\n\nYour task is to either agree or disagree with my guess based on the given clue.\n\nIf you disagree, I will make another guess, and if you agree, I will proceed in the game using the same guess.\n\nInitially, guess feedback is not available, but as the game proceeds, it becomes available. The guess feedback is not for current guess, but rather an indication of what letters can be present in the current guess. A letter highlighted in green indicates that it is a correct letter in the correct position, while yellow indicates that it is a correct letter in the wrong position, and red indicates a wrong letter. At this point, you should use all the provided information, including the clue, guess, explanation, and guess feedback, to decide whether the given guess matches the clue, and also stick to guess feedback or not.\n\nPlease respond in lowercase letters and stick to this format:\nagreement:yes or no\nexplanation:your reason for doing so\n\nPlease note that you must not guess any word based on the riddle clue and stick to the given format while responding.\n\nLet's begin!\n\nclue:bronze place\nguess:third\nexplanation:The bronze medal is awarded to the third-place finisher in competitions, so \"third\" aligns with the clue \"bronze place\" and is a five-letter word.\n"}}, {"from": "Player 2", "to": "GM", "timestamp": "2024-09-18T13:08:46.014670", "action": {"type": "get message", "content": "agreement: yes  \nexplanation: your guess \"third\" fits the clue \"bronze place\" because the bronze medal is awarded to the third-place finisher, and \"third\" is a five-letter word."}}, {"from": "GM", "to": "GM", "timestamp": "2024-09-18T13:08:46.014683", "action": {"type": "parse", "content": {"agreement": "yes", "explanation": "your guess \"third\" fits the clue \"bronze place\" because the bronze medal is awarded to the third-place finisher, and \"third\" is a five-letter word."}}}, {"from": "GM", "to": "GM", "timestamp": "2024-09-18T13:08:46.014710", "action": {"type": "metadata", "content": "Critic agrees with the Guesser -- Sharing the critic's explanation with the guesser"}}], [{"from": "GM", "to": "Player 1", "timestamp": "2024-09-18T13:09:00.626841", "action": {"type": "send message", "content": "clue:bronze place\nguess_agreement:yes\nagreement_explanation:your guess \"third\" fits the clue \"bronze place\" because the bronze medal is awarded to the third-place finisher, and \"third\" is a five-letter word.\n"}}, {"from": "Player 1", "to": "GM", "timestamp": "2024-09-18T13:09:00.626997", "action": {"type": "get message", "content": "guess: medal\nexplanation: Although \"third\" fits the clue \"bronze place\" and you agreed with it, another five-letter word associated with bronze awards is \"medal.\" Since bronze medals are given to third-place finishers, \"medal\" also aligns with the clue. I'll guess \"medal\" this time."}}, {"from": "GM", "to": "GM", "timestamp": "2024-09-18T13:09:00.627005", "action": {"type": "parse", "content": {"guess": "medal", "explanation": "Although \"third\" fits the clue \"bronze place\" and you agreed with it, another five-letter word associated with bronze awards is \"medal.\" Since bronze medals are given to third-place finishers, \"medal\" also aligns with the clue. I'll guess \"medal\" this time."}}}, {"from": "GM", "to": "GM", "timestamp": "2024-09-18T13:09:00.627028", "action": {"type": "metadata", "content": "Change in player1's guess\nguess_before_critic_opinion: third\n                                                critic_agreement: yes\nguess_after_critic_opinion: medal\n                                                Proceeding with guess validation"}}, {"from": "GM", "to": "GM", "timestamp": "2024-09-18T13:09:00.627134", "action": {"type": "metadata", "content": "attempts: 1\ntarget_word = third\ntarget_word_clue = bronze place\nguess: medal\nguess_feedback: m<red> e<red> d<yellow> a<red> l<red>", "game_info": {"attempts": 1, "target_word": "third", "target_word_difficulty": "high_frequency", "guesser": "Word Guesser (o1-preview-2024-09-12)", "guess": "medal", "explanation": "Although \"third\" fits the clue \"bronze place\" and you agreed with it, another five-letter word associated with bronze awards is \"medal.\" Since bronze medals are given to third-place finishers, \"medal\" also aligns with the clue. I'll guess \"medal\" this time.", "error": null, "target_word_clue": "bronze place", "critic_agreement": "yes", "critic_explanation": "your guess \"third\" fits the clue \"bronze place\" because the bronze medal is awarded to the third-place finisher, and \"third\" is a five-letter word.", "guess_critic": "Word Guesser Critic (o1-preview-2024-09-12)"}}}], [{"from": "GM", "to": "Player 1", "timestamp": "2024-09-18T13:10:04.810555", "action": {"type": "send message", "content": "guess_feedback: m<red> e<red> d<yellow> a<red> l<red>"}}, {"from": "Player 1", "to": "GM", "timestamp": "2024-09-18T13:10:04.810866", "action": {"type": "get message", "content": "guess: third\nexplanation: Based on the clue \"bronze place\" and your agreement with my initial guess \"third,\" I believe \"third\" is still the best guess. From the feedback on \"medal,\" we know that:\n\n- The letter **D** is in the word but not in position 3 (since it was yellow when in position 3).\n- Letters **M**, **E**, **A**, and **L** are not in the word.\n\nIn \"third,\" the **D** is in position 5, which fits the feedback. Also, all the letters in \"third\" are valid since they don't include the eliminated letters. Therefore, I'll guess \"third\" again."}}, {"from": "GM", "to": "GM", "timestamp": "2024-09-18T13:10:04.810889", "action": {"type": "parse", "content": {"guess": "third", "explanation": "Based on the clue \"bronze place\" and your agreement with my initial guess \"third,\" I believe \"third\" is still the best guess. From the feedback on \"medal,\" we know that:"}}}, {"from": "GM", "to": "Player 2", "timestamp": "2024-09-18T13:10:14.801820", "action": {"type": "send message", "content": "clue:bronze place\nguess:third\nexplanation:Based on the clue \"bronze place\" and your agreement with my initial guess \"third,\" I believe \"third\" is still the best guess. From the feedback on \"medal,\" we know that:\nguess_feedback: m<red> e<red> d<yellow> a<red> l<red>"}}, {"from": "Player 2", "to": "GM", "timestamp": "2024-09-18T13:10:14.801930", "action": {"type": "get message", "content": "agreement: yes  \nexplanation: i agree that \"third\" fits the clue \"bronze place\" and is consistent with the feedback from \"medal,\" where the letter \"d\" is in the word but not in the same position."}}, {"from": "GM", "to": "GM", "timestamp": "2024-09-18T13:10:14.801937", "action": {"type": "parse", "content": {"agreement": "yes", "explanation": "i agree that \"third\" fits the clue \"bronze place\" and is consistent with the feedback from \"medal,\" where the letter \"d\" is in the word but not in the same position."}}}, {"from": "GM", "to": "GM", "timestamp": "2024-09-18T13:10:14.801952", "action": {"type": "metadata", "content": "Critic agrees with the Guesser -- Sharing the critic's explanation with the guesser"}}], [{"from": "GM", "to": "Player 1", "timestamp": "2024-09-18T13:10:56.171314", "action": {"type": "send message", "content": "clue:bronze place\nguess_agreement:yes\nagreement_explanation:i agree that \"third\" fits the clue \"bronze place\" and is consistent with the feedback from \"medal,\" where the letter \"d\" is in the word but not in the same position.\n"}}, {"from": "Player 1", "to": "GM", "timestamp": "2024-09-18T13:10:56.171468", "action": {"type": "get message", "content": "guess: third\nexplanation: Based on the clue \"bronze place\" and your agreement that \"third\" fits the clue, along with the feedback from \"medal,\" I believe \"third\" is the correct guess. Here's my reasoning:\n\n1. **Clue Alignment**: \"Third\" directly corresponds to \"bronze place\" since bronze medals are awarded for third place.\n\n2. **Feedback from \"medal\"**:\n   - Letters **m**, **e**, **a**, and **l** were marked as **red**, so they are not in the word.\n   - The letter **d** was **yellow** in position 3, indicating that **d** is in the word but not in the third position.\n\n3. **Letter Analysis**:\n   - \"Third\" doesn't contain any of the letters **m**, **e**, **a**, or **l**.\n   - The **d** in \"third\" is in the **fifth position**, satisfying the condition that **d** is not in the third position.\n   \nGiven this information, I will guess **\"third\"** again."}}, {"from": "GM", "to": "GM", "timestamp": "2024-09-18T13:10:56.171475", "action": {"type": "parse", "content": {"guess": "third", "explanation": "Based on the clue \"bronze place\" and your agreement that \"third\" fits the clue, along with the feedback from \"medal,\" I believe \"third\" is the correct guess. Here's my reasoning:"}}}, {"from": "GM", "to": "GM", "timestamp": "2024-09-18T13:10:56.171502", "action": {"type": "metadata", "content": "No change in player1's guess\nguess_before_critic_opinion: third\n                                                critic_agreement: yes\nguess_after_critic_opinion: third\n                                                Proceeding with guess validation"}}, {"from": "GM", "to": "GM", "timestamp": "2024-09-18T13:10:56.171566", "action": {"type": "metadata", "content": "attempts: 2\ntarget_word = third\ntarget_word_clue = bronze place\nguess: third\nguess_feedback: t<green> h<green> i<green> r<green> d<green>", "game_info": {"attempts": 2, "target_word": "third", "target_word_difficulty": "high_frequency", "guesser": "Word Guesser (o1-preview-2024-09-12)", "guess": "third", "explanation": "Based on the clue \"bronze place\" and your agreement that \"third\" fits the clue, along with the feedback from \"medal,\" I believe \"third\" is the correct guess. Here's my reasoning:", "error": null, "target_word_clue": "bronze place", "critic_agreement": "yes", "critic_explanation": "i agree that \"third\" fits the clue \"bronze place\" and is consistent with the feedback from \"medal,\" where the letter \"d\" is in the word but not in the same position.", "guess_critic": "Word Guesser Critic (o1-preview-2024-09-12)"}}}, {"from": "GM", "to": "GM", "timestamp": "2024-09-18T13:10:56.171602", "action": {"type": "metadata", "content": "game_result = WIN", "data_for_computation": {"player_1": "o1-preview-2024-09-12", "player_2": "o1-preview-2024-09-12", "total_attempts": 2, "turns_req_count": [3, 6], "turns_parse_count": [3, 6], "turns_guess_feedback": [["medal", "m<red> e<red> d<yellow> a<red> l<red>"], ["third", "t<green> h<green> i<green> r<green> d<green>"]], "critic_guesses_change": [["third", "medal", "yes"], ["third", "third", "yes"]], "guesser_error": null, "critic_error": null, "guesser retry count": 0, "critic retry count": 0, "guesser_req_count": 4, "critic_req_count": 2, "guesser_parsed_req_count": 4, "critic_parsed_req_count": 2, "target_word": "third", "target_word_clue": "bronze place", "target_word_difficulty": "high_frequency", "game_final_status": "WIN", "use_clue": true, "use_critic": true}}}]]}