{"players": {"GM": "Game master for wordle", "Player 1": "Word Guesser (o1-preview)", "Player 2": "Guess Word Evaluator (Programmatic)"}, "turns": [[{"from": "GM", "to": "Player 1", "timestamp": "2024-09-13T12:32:40.703997", "action": {"type": "send message", "content": "You are a language wizard who likes to guess words by using the given rules.\n\nWelcome to Wordle! You have six attempts to guess the target word, a valid English word of five lowercase letters (a-z). Please use the tags \"guess:\" and \"explanation:\" to provide a concise explanation for each guess.\n\nFor instance, if your guess is \"apple\", your response should be\nguess: apple\n explanation: this is a common five-letter English word, and I am starting my guess with this word.\n\nAfter each guess, your answer will be validated, and you will receive feedback indicating which letters are correct (green), which letters are correct but in the wrong position (yellow), and which letters are incorrect (red). This feedback can be useful in determining which letters to include or exclude in your next guess.\n\nFor example, the feedback for \"apple\" might be:\nguess_feedback: a<yellow> p<yellow> p<green> l<yellow> e<red>\n\nThe explanation should contain details about how the guess_feedback is used to arrive at a new guess.\n\nLet's begin with your first guess."}}, {"from": "Player 1", "to": "GM", "timestamp": "2024-09-13T12:32:40.704129", "action": {"type": "get message", "content": "guess: slate\n\nexplanation: I chose \"slate\" as my first guess because it includes common consonants (s, l, t) and vowels (a, e), which should help identify which letters are in the target word."}}, {"from": "GM", "to": "GM", "timestamp": "2024-09-13T12:32:40.704136", "action": {"type": "parse", "content": {"guess": "slate", "explanation": "I chose \"slate\" as my first guess because it includes common consonants (s, l, t) and vowels (a, e), which should help identify which letters are in the target word."}}}, {"from": "GM", "to": "GM", "timestamp": "2024-09-13T12:32:40.704226", "action": {"type": "metadata", "content": "attempts: 1\ntarget_word = dimly\nguess: slate\nguess_feedback: s<red> l<yellow> a<red> t<red> e<red>", "game_info": {"attempts": 1, "target_word": "dimly", "target_word_difficulty": "medium_frequency", "guesser": "Word Guesser (o1-preview)", "guess": "slate", "explanation": "I chose \"slate\" as my first guess because it includes common consonants (s, l, t) and vowels (a, e), which should help identify which letters are in the target word.", "error": null}}}], [{"from": "GM", "to": "Player 1", "timestamp": "2024-09-13T12:33:26.084637", "action": {"type": "send message", "content": "guess_feedback: s<red> l<yellow> a<red> t<red> e<red>"}}, {"from": "Player 1", "to": "GM", "timestamp": "2024-09-13T12:33:26.084742", "action": {"type": "get message", "content": "guess: could\nexplanation: From the feedback, I learned that 'l' is in the word but not in the second position. The letters 's', 'a', 't', and 'e' are not in the word. So, I chose \"could\" because it includes 'l' in a different position and doesn't use any of the letters that were marked red."}}, {"from": "GM", "to": "GM", "timestamp": "2024-09-13T12:33:26.084748", "action": {"type": "parse", "content": {"guess": "could", "explanation": "From the feedback, I learned that 'l' is in the word but not in the second position. The letters 's', 'a', 't', and 'e' are not in the word. So, I chose \"could\" because it includes 'l' in a different position and doesn't use any of the letters that were marked red."}}}, {"from": "GM", "to": "GM", "timestamp": "2024-09-13T12:33:26.084809", "action": {"type": "metadata", "content": "attempts: 2\ntarget_word = dimly\nguess: could\nguess_feedback: c<red> o<red> u<red> l<green> d<yellow>", "game_info": {"attempts": 2, "target_word": "dimly", "target_word_difficulty": "medium_frequency", "guesser": "Word Guesser (o1-preview)", "guess": "could", "explanation": "From the feedback, I learned that 'l' is in the word but not in the second position. The letters 's', 'a', 't', and 'e' are not in the word. So, I chose \"could\" because it includes 'l' in a different position and doesn't use any of the letters that were marked red.", "error": null}}}], [{"from": "GM", "to": "Player 1", "timestamp": "2024-09-13T12:33:56.336690", "action": {"type": "send message", "content": "guess_feedback: c<red> o<red> u<red> l<green> d<yellow>"}}, {"from": "Player 1", "to": "GM", "timestamp": "2024-09-13T12:33:56.336816", "action": {"type": "get message", "content": "guess: idyll\nexplanation: From the feedback, I know that 'l' is the fourth letter, and 'd' is in the word but not in the fifth position. The letters 's', 'a', 't', 'e', 'c', 'o', and 'u' are not in the word. I chose \"idyll\" because it places 'l' at the correct fourth position, moves 'd' to a new position (second), and uses new letters ('i' and 'y') that haven't been ruled out. This guess will help identify any additional correct letters and their positions."}}, {"from": "GM", "to": "GM", "timestamp": "2024-09-13T12:33:56.336821", "action": {"type": "parse", "content": {"guess": "idyll", "explanation": "From the feedback, I know that 'l' is the fourth letter, and 'd' is in the word but not in the fifth position. The letters 's', 'a', 't', 'e', 'c', 'o', and 'u' are not in the word. I chose \"idyll\" because it places 'l' at the correct fourth position, moves 'd' to a new position (second), and uses new letters ('i' and 'y') that haven't been ruled out. This guess will help identify any additional correct letters and their positions."}}}, {"from": "GM", "to": "GM", "timestamp": "2024-09-13T12:33:56.336921", "action": {"type": "metadata", "content": "attempts: 3\ntarget_word = dimly\nguess: idyll\nguess_feedback: i<yellow> d<yellow> y<yellow> l<green> l<red>", "game_info": {"attempts": 3, "target_word": "dimly", "target_word_difficulty": "medium_frequency", "guesser": "Word Guesser (o1-preview)", "guess": "idyll", "explanation": "From the feedback, I know that 'l' is the fourth letter, and 'd' is in the word but not in the fifth position. The letters 's', 'a', 't', 'e', 'c', 'o', and 'u' are not in the word. I chose \"idyll\" because it places 'l' at the correct fourth position, moves 'd' to a new position (second), and uses new letters ('i' and 'y') that haven't been ruled out. This guess will help identify any additional correct letters and their positions.", "error": null}}}], [{"from": "GM", "to": "Player 1", "timestamp": "2024-09-13T12:34:27.955102", "action": {"type": "send message", "content": "guess_feedback: i<yellow> d<yellow> y<yellow> l<green> l<red>"}}, {"from": "Player 1", "to": "GM", "timestamp": "2024-09-13T12:34:27.955522", "action": {"type": "get message", "content": "guess: dimly\nexplanation: Based on the feedback:\n\n- 'l' is confirmed in the fourth position.\n- 'd' is in the word but not in positions 2 or 5, so it could be in positions 1 or 3. I chose to place it in position 1.\n- 'i' is in the word but not in position 1, so I placed it in position 2.\n- 'y' is in the word but not in position 3, so I placed it in position 5.\n- There is only one 'l' in the word, so I included it once in the correct position.\n- The letters 's', 'a', 't', 'e', 'c', 'o', 'u', and 'l' (second occurrence) are not in the word.\n- 'm' is a new letter that hasn't been tried yet.\n\nTherefore, \"dimly\" fits all the known clues and introduces a new letter to help identify any remaining correct letters."}}, {"from": "GM", "to": "GM", "timestamp": "2024-09-13T12:34:27.955530", "action": {"type": "parse", "content": {"guess": "dimly", "explanation": "Based on the feedback:"}}}, {"from": "GM", "to": "GM", "timestamp": "2024-09-13T12:34:27.955631", "action": {"type": "metadata", "content": "attempts: 4\ntarget_word = dimly\nguess: dimly\nguess_feedback: d<green> i<green> m<green> l<green> y<green>", "game_info": {"attempts": 4, "target_word": "dimly", "target_word_difficulty": "medium_frequency", "guesser": "Word Guesser (o1-preview)", "guess": "dimly", "explanation": "Based on the feedback:", "error": null}}}, {"from": "GM", "to": "GM", "timestamp": "2024-09-13T12:34:27.955671", "action": {"type": "metadata", "content": "game_result = WIN", "data_for_computation": {"player_1": "o1-preview", "player_2": "", "total_attempts": 4, "turns_req_count": [1, 2, 3, 4], "turns_parse_count": [1, 2, 3, 4], "turns_guess_feedback": [["slate", "s<red> l<yellow> a<red> t<red> e<red>"], ["could", "c<red> o<red> u<red> l<green> d<yellow>"], ["idyll", "i<yellow> d<yellow> y<yellow> l<green> l<red>"], ["dimly", "d<green> i<green> m<green> l<green> y<green>"]], "critic_guesses_change": [], "guesser_error": null, "critic_error": null, "guesser retry count": 0, "critic retry count": 0, "guesser_req_count": 4, "critic_req_count": 0, "guesser_parsed_req_count": 4, "critic_parsed_req_count": 0, "target_word": "dimly", "target_word_clue": "not very intelligently", "target_word_difficulty": "medium_frequency", "game_final_status": "WIN", "use_clue": false, "use_critic": false}}}]]}