{"players": {"GM": "Game master for wordle", "Player 1": "Word Guesser (o1-preview)", "Player 2": "Guess Word Evaluator (Programmatic)"}, "turns": [[{"from": "GM", "to": "Player 1", "timestamp": "2024-09-13T12:15:56.368728", "action": {"type": "send message", "content": "You are a language wizard who likes to guess words by using the given rules.\n\nWelcome to Wordle! You have six attempts to guess the target word, a valid English word of five lowercase letters (a-z). Please use the tags \"guess:\" and \"explanation:\" to provide a concise explanation for each guess.\n\nFor instance, if your guess is \"apple\", your response should be\nguess: apple\n explanation: this is a common five-letter English word, and I am starting my guess with this word.\n\nAfter each guess, your answer will be validated, and you will receive feedback indicating which letters are correct (green), which letters are correct but in the wrong position (yellow), and which letters are incorrect (red). This feedback can be useful in determining which letters to include or exclude in your next guess.\n\nFor example, the feedback for \"apple\" might be:\nguess_feedback: a<yellow> p<yellow> p<green> l<yellow> e<red>\n\nThe explanation should contain details about how the guess_feedback is used to arrive at a new guess.\n\nLet's begin with your first guess."}}, {"from": "Player 1", "to": "GM", "timestamp": "2024-09-13T12:15:56.368837", "action": {"type": "get message", "content": "guess: slate\nexplanation: I am starting with \"slate\" because it includes common consonants and vowels, which will help identify which letters are in the target word."}}, {"from": "GM", "to": "GM", "timestamp": "2024-09-13T12:15:56.368842", "action": {"type": "parse", "content": {"guess": "slate", "explanation": "I am starting with \"slate\" because it includes common consonants and vowels, which will help identify which letters are in the target word."}}}, {"from": "GM", "to": "GM", "timestamp": "2024-09-13T12:15:56.368900", "action": {"type": "metadata", "content": "attempts: 1\ntarget_word = start\nguess: slate\nguess_feedback: s<green> l<red> a<green> t<yellow> e<red>", "game_info": {"attempts": 1, "target_word": "start", "target_word_difficulty": "high_frequency", "guesser": "Word Guesser (o1-preview)", "guess": "slate", "explanation": "I am starting with \"slate\" because it includes common consonants and vowels, which will help identify which letters are in the target word.", "error": null}}}], [{"from": "GM", "to": "Player 1", "timestamp": "2024-09-13T12:16:15.188763", "action": {"type": "send message", "content": "guess_feedback: s<green> l<red> a<green> t<yellow> e<red>"}}, {"from": "Player 1", "to": "GM", "timestamp": "2024-09-13T12:16:15.188856", "action": {"type": "get message", "content": "guess:stamp\nexplanation:Based on the feedback, I know that the word starts with 's' and has 'a' in the third position. The letter 't' is in the word but not in the fourth position. The letters 'l' and 'e' are not in the word. Therefore, I am guessing \"stamp\" because it fits all these criteria and introduces new letters to help identify the correct word."}}, {"from": "GM", "to": "GM", "timestamp": "2024-09-13T12:16:15.188861", "action": {"type": "parse", "content": {"guess": "stamp", "explanation": "Based on the feedback, I know that the word starts with 's' and has 'a' in the third position. The letter 't' is in the word but not in the fourth position. The letters 'l' and 'e' are not in the word. Therefore, I am guessing \"stamp\" because it fits all these criteria and introduces new letters to help identify the correct word."}}}, {"from": "GM", "to": "GM", "timestamp": "2024-09-13T12:16:15.188917", "action": {"type": "metadata", "content": "attempts: 2\ntarget_word = start\nguess: stamp\nguess_feedback: s<green> t<green> a<green> m<red> p<red>", "game_info": {"attempts": 2, "target_word": "start", "target_word_difficulty": "high_frequency", "guesser": "Word Guesser (o1-preview)", "guess": "stamp", "explanation": "Based on the feedback, I know that the word starts with 's' and has 'a' in the third position. The letter 't' is in the word but not in the fourth position. The letters 'l' and 'e' are not in the word. Therefore, I am guessing \"stamp\" because it fits all these criteria and introduces new letters to help identify the correct word.", "error": null}}}], [{"from": "GM", "to": "Player 1", "timestamp": "2024-09-13T12:16:47.415648", "action": {"type": "send message", "content": "guess_feedback: s<green> t<green> a<green> m<red> p<red>"}}, {"from": "Player 1", "to": "GM", "timestamp": "2024-09-13T12:16:47.415742", "action": {"type": "get message", "content": "guess:stain\nexplanation:Based on the feedback, I know that the first three letters are 's', 't', and 'a' in the correct positions. The letters 'l', 'e', 'm', and 'p' are not in the word. Also, 't' is not in the fourth position (from the first guess feedback). Possible words that fit this pattern are \"stain\", \"stair\", \"staid\", and \"stank\". I am choosing \"stain\" because it is a common word and introduces the letters 'i' and 'n', which may help identify if these letters are in the target word."}}, {"from": "GM", "to": "GM", "timestamp": "2024-09-13T12:16:47.415746", "action": {"type": "parse", "content": {"guess": "stain", "explanation": "Based on the feedback, I know that the first three letters are 's', 't', and 'a' in the correct positions. The letters 'l', 'e', 'm', and 'p' are not in the word. Also, 't' is not in the fourth position (from the first guess feedback). Possible words that fit this pattern are \"stain\", \"stair\", \"staid\", and \"stank\". I am choosing \"stain\" because it is a common word and introduces the letters 'i' and 'n', which may help identify if these letters are in the target word."}}}, {"from": "GM", "to": "GM", "timestamp": "2024-09-13T12:16:47.415796", "action": {"type": "metadata", "content": "attempts: 3\ntarget_word = start\nguess: stain\nguess_feedback: s<green> t<green> a<green> i<red> n<red>", "game_info": {"attempts": 3, "target_word": "start", "target_word_difficulty": "high_frequency", "guesser": "Word Guesser (o1-preview)", "guess": "stain", "explanation": "Based on the feedback, I know that the first three letters are 's', 't', and 'a' in the correct positions. The letters 'l', 'e', 'm', and 'p' are not in the word. Also, 't' is not in the fourth position (from the first guess feedback). Possible words that fit this pattern are \"stain\", \"stair\", \"staid\", and \"stank\". I am choosing \"stain\" because it is a common word and introduces the letters 'i' and 'n', which may help identify if these letters are in the target word.", "error": null}}}], [{"from": "GM", "to": "Player 1", "timestamp": "2024-09-13T12:17:25.443524", "action": {"type": "send message", "content": "guess_feedback: s<green> t<green> a<green> i<red> n<red>"}}, {"from": "Player 1", "to": "GM", "timestamp": "2024-09-13T12:17:25.443640", "action": {"type": "get message", "content": "guess: start\nexplanation: Based on the feedback, the first three letters are confirmed as 's', 't', and 'a' in the correct positions. The letters 'l', 'e', 'm', 'p', 'i', and 'n' are not in the word. From the first guess feedback, 't' is not in the fourth position, but it can be in another position. Considering this, 't' can be in the fifth position. The word \"start\" fits all these criteria: it begins with 'sta', has 't' in the fifth position, and introduces the new letter 'r', which hasn't been ruled out. Therefore, I am guessing \"start\" as it is a common word that fits the known information."}}, {"from": "GM", "to": "GM", "timestamp": "2024-09-13T12:17:25.443646", "action": {"type": "parse", "content": {"guess": "start", "explanation": "Based on the feedback, the first three letters are confirmed as 's', 't', and 'a' in the correct positions. The letters 'l', 'e', 'm', 'p', 'i', and 'n' are not in the word. From the first guess feedback, 't' is not in the fourth position, but it can be in another position. Considering this, 't' can be in the fifth position. The word \"start\" fits all these criteria: it begins with 'sta', has 't' in the fifth position, and introduces the new letter 'r', which hasn't been ruled out. Therefore, I am guessing \"start\" as it is a common word that fits the known information."}}}, {"from": "GM", "to": "GM", "timestamp": "2024-09-13T12:17:25.443710", "action": {"type": "metadata", "content": "attempts: 4\ntarget_word = start\nguess: start\nguess_feedback: s<green> t<green> a<green> r<green> t<green>", "game_info": {"attempts": 4, "target_word": "start", "target_word_difficulty": "high_frequency", "guesser": "Word Guesser (o1-preview)", "guess": "start", "explanation": "Based on the feedback, the first three letters are confirmed as 's', 't', and 'a' in the correct positions. The letters 'l', 'e', 'm', 'p', 'i', and 'n' are not in the word. From the first guess feedback, 't' is not in the fourth position, but it can be in another position. Considering this, 't' can be in the fifth position. The word \"start\" fits all these criteria: it begins with 'sta', has 't' in the fifth position, and introduces the new letter 'r', which hasn't been ruled out. Therefore, I am guessing \"start\" as it is a common word that fits the known information.", "error": null}}}, {"from": "GM", "to": "GM", "timestamp": "2024-09-13T12:17:25.443744", "action": {"type": "metadata", "content": "game_result = WIN", "data_for_computation": {"player_1": "o1-preview", "player_2": "", "total_attempts": 4, "turns_req_count": [1, 2, 3, 4], "turns_parse_count": [1, 2, 3, 4], "turns_guess_feedback": [["slate", "s<green> l<red> a<green> t<yellow> e<red>"], ["stamp", "s<green> t<green> a<green> m<red> p<red>"], ["stain", "s<green> t<green> a<green> i<red> n<red>"], ["start", "s<green> t<green> a<green> r<green> t<green>"]], "critic_guesses_change": [], "guesser_error": null, "critic_error": null, "guesser retry count": 0, "critic retry count": 0, "guesser_req_count": 4, "critic_req_count": 0, "guesser_parsed_req_count": 4, "critic_parsed_req_count": 0, "target_word": "start", "target_word_clue": "embark", "target_word_difficulty": "high_frequency", "game_final_status": "WIN", "use_clue": false, "use_critic": false}}}]]}