{"players": {"GM": "Game master for wordle", "Player 1": "Word Guesser (o1-preview)", "Player 2": "Guess Word Evaluator (Programmatic)"}, "turns": [[{"from": "GM", "to": "Player 1", "timestamp": "2024-09-13T12:58:24.323432", "action": {"type": "send message", "content": "You are a language wizard who likes to guess words by using the given rules.\n\nWelcome to Wordle! You have six attempts to guess the target word, a valid English word of five lowercase letters (a-z). Please use the tags \"guess:\" and \"explanation:\" to provide a concise explanation for each guess.\n\nFor instance, if your guess is \"apple\", your response should be\nguess: apple\n explanation: this is a common five-letter English word, and I am starting my guess with this word.\n\nAfter each guess, your answer will be validated, and you will receive feedback indicating which letters are correct (green), which letters are correct but in the wrong position (yellow), and which letters are incorrect (red). This feedback can be useful in determining which letters to include or exclude in your next guess.\n\nFor example, the feedback for \"apple\" might be:\nguess_feedback: a<yellow> p<yellow> p<green> l<yellow> e<red>\n\nThe explanation should contain details about how the guess_feedback is used to arrive at a new guess.\n\nLet's begin with your first guess."}}, {"from": "Player 1", "to": "GM", "timestamp": "2024-09-13T12:58:24.323505", "action": {"type": "get message", "content": "guess: adieu  \nexplanation: I chose \"adieu\" because it contains four different vowels. This will help me identify which vowels are in the target word."}}, {"from": "GM", "to": "GM", "timestamp": "2024-09-13T12:58:24.323510", "action": {"type": "parse", "content": {"guess": "adieu", "explanation": "I chose \"adieu\" because it contains four different vowels. This will help me identify which vowels are in the target word."}}}, {"from": "GM", "to": "GM", "timestamp": "2024-09-13T12:58:24.323562", "action": {"type": "metadata", "content": "attempts: 1\ntarget_word = fiery\nguess: adieu\nguess_feedback: a<red> d<red> i<yellow> e<yellow> u<red>", "game_info": {"attempts": 1, "target_word": "fiery", "target_word_difficulty": "medium_frequency", "guesser": "Word Guesser (o1-preview)", "guess": "adieu", "explanation": "I chose \"adieu\" because it contains four different vowels. This will help me identify which vowels are in the target word.", "error": null}}}], [{"from": "GM", "to": "Player 1", "timestamp": "2024-09-13T12:58:42.681223", "action": {"type": "send message", "content": "guess_feedback: a<red> d<red> i<yellow> e<yellow> u<red>"}}, {"from": "Player 1", "to": "GM", "timestamp": "2024-09-13T12:58:42.681328", "action": {"type": "get message", "content": "guess: their\nexplanation: From the feedback, I know that the letters **i** and **e** are in the word but not in positions 3 and 4, respectively. The letters **a**, **d**, and **u** are not in the word at all. I chose \"their\" because it includes both **i** and **e** in new positions and avoids the letters that are not in the word."}}, {"from": "GM", "to": "GM", "timestamp": "2024-09-13T12:58:42.681334", "action": {"type": "parse", "content": {"guess": "their", "explanation": "From the feedback, I know that the letters **i** and **e** are in the word but not in positions 3 and 4, respectively. The letters **a**, **d**, and **u** are not in the word at all. I chose \"their\" because it includes both **i** and **e** in new positions and avoids the letters that are not in the word."}}}, {"from": "GM", "to": "GM", "timestamp": "2024-09-13T12:58:42.681398", "action": {"type": "metadata", "content": "attempts: 2\ntarget_word = fiery\nguess: their\nguess_feedback: t<red> h<red> e<green> i<yellow> r<yellow>", "game_info": {"attempts": 2, "target_word": "fiery", "target_word_difficulty": "medium_frequency", "guesser": "Word Guesser (o1-preview)", "guess": "their", "explanation": "From the feedback, I know that the letters **i** and **e** are in the word but not in positions 3 and 4, respectively. The letters **a**, **d**, and **u** are not in the word at all. I chose \"their\" because it includes both **i** and **e** in new positions and avoids the letters that are not in the word.", "error": null}}}], [{"from": "GM", "to": "Player 1", "timestamp": "2024-09-13T12:59:46.258713", "action": {"type": "send message", "content": "guess_feedback: t<red> h<red> e<green> i<yellow> r<yellow>"}}, {"from": "Player 1", "to": "GM", "timestamp": "2024-09-13T12:59:46.258820", "action": {"type": "get message", "content": "guess:fiery\nexplanation:Based on the feedback, I know the following:\n- The letter **e** is in the correct position 3.\n- The letter **i** is in the word but not in positions 3 or 4.\n- The letter **r** is in the word but not in position 5.\n- The letters **a**, **d**, **u**, **t**, and **h** are not in the word.\n\nI chose **\"fiery\"** because it places **e** at position 3, **i** at position 2 (which is acceptable), and **r** at position 4. It uses only the letters that are possible based on the feedback and avoids the ones that are not in the word."}}, {"from": "GM", "to": "GM", "timestamp": "2024-09-13T12:59:46.258826", "action": {"type": "parse", "content": {"guess": "fiery", "explanation": "Based on the feedback, I know the following:"}}}, {"from": "GM", "to": "GM", "timestamp": "2024-09-13T12:59:46.258871", "action": {"type": "metadata", "content": "attempts: 3\ntarget_word = fiery\nguess: fiery\nguess_feedback: f<green> i<green> e<green> r<green> y<green>", "game_info": {"attempts": 3, "target_word": "fiery", "target_word_difficulty": "medium_frequency", "guesser": "Word Guesser (o1-preview)", "guess": "fiery", "explanation": "Based on the feedback, I know the following:", "error": null}}}, {"from": "GM", "to": "GM", "timestamp": "2024-09-13T12:59:46.258895", "action": {"type": "metadata", "content": "game_result = WIN", "data_for_computation": {"player_1": "o1-preview", "player_2": "", "total_attempts": 3, "turns_req_count": [1, 2, 3], "turns_parse_count": [1, 2, 3], "turns_guess_feedback": [["adieu", "a<red> d<red> i<yellow> e<yellow> u<red>"], ["their", "t<red> h<red> e<green> i<yellow> r<yellow>"], ["fiery", "f<green> i<green> e<green> r<green> y<green>"]], "critic_guesses_change": [], "guesser_error": null, "critic_error": null, "guesser retry count": 0, "critic retry count": 0, "guesser_req_count": 3, "critic_req_count": 0, "guesser_parsed_req_count": 3, "critic_parsed_req_count": 0, "target_word": "fiery", "target_word_clue": "passionate", "target_word_difficulty": "medium_frequency", "game_final_status": "WIN", "use_clue": false, "use_critic": false}}}]]}