{"turn scores": {"1": {"Request Count": 1, "Parsed Request Count": 1, "Violated Request Count": 0, "closeness score": 6, "strategy score": 0}, "2": {"Request Count": 1, "Parsed Request Count": 1, "Violated Request Count": 0, "closeness score": 11, "strategy score": 20}, "3": {"Request Count": 1, "Parsed Request Count": 1, "Violated Request Count": 0, "closeness score": 25, "strategy score": 40}}, "episode scores": {"Aborted": 0, "Lose": 0, "Success": 1, "Request Count": 3, "Parsed Request Count": 3, "Violated Request Count": 0, "Request Success Ratio": 1.0, "Main Score": 100, "repeats guess": 0, "total guess repetitions": 0}}